Workbook

Sheet ALL
A1: Humana Apparels Pvt. Ltd.
A2: Purchase Requisition
A3: Requisition No | E3: HAPL/Dept./ALL/2026/August/01 | N3: Store Personnel
A4: Requisition Date | E4: 46235 | N4: Md. Ebrahim
A5: Name of Unit | E5: Humana Apparels Pvt. Ltd. | N5: Sr. Executive
A6: Section | E6: ALL | N6: Store & Warehouse
A7: Name of User | E7: ALL | N7: 01839-004906
A8: Contact No. / Email | E8: amirul@humanaapparels.com | N8: ebrahim@humanaapparels.com
A9: SL | B9: Name of Item's | C9: Uom | D9: Specification / Brand & Model | E9: Type (Replace/ New) | F9: User Dept./ Section | G9: Stock Details | K9: Last Purchase Details | N9: To Be Procured | Q9: Store Acknowledgement on GRN | S9: Accounts Acknowledgement on Pmt | U9: Remarks
G10: Qty Requested | H10: Stock in Hand | I10: Saftey Stock | J10: Consumption (Last Month) | K10: Qty | L10: Approx Rate | M10: Date | N10: Qty | O10: Rate Appx. | P10: Amount | Q10: Pending Qty | R10: Signature | S10: Pending Qty | T10: Signature
A12: 1 | B12: Measurement Tape-Lace | C12: Pcs | E12: - | F12: Production/Sample/ Cad/Cutting | G12: 48 | H12: 36 | I12: =ROUND(J12/26*3,0) -> 7 | J12: 61 | K12: 150 | L12: 46 | M12: 46191 | N12: =G12-H12 -> 12 | O12: =L12 -> 46 | P12: =N12*O12 -> 552 | Q12: Production
A13: 2 | B13: Tailors Chalk | C13: Box | E13: - | F13: Production | G13: 180 | H13: 109 | I13: =ROUND(J13/26*3,0) -> 14 | J13: 118 | K13: 132 | L13: 6.4 | M13: 46221 | N13: =G13-H13 -> 71 | O13: =L13 -> 6.4 | P13: =N13*O13 -> 454.4 | Q13: Production
A14: 3 | B14: Binder Register Khata-16 | C14: Pcs | E14: - | F14: Production | G14: 28 | H14: 20 | I14: =ROUND(J14/26*3,0) -> 1 | J14: 5 | K14: 15 | L14: 290 | M14: 46193 | N14: =G14-H14 -> 8 | O14: =L14 -> 290 | P14: =N14*O14 -> 2320 | Q14: Stationary
A15: 4 | B15: Ball Pen-Black | C15: Pcs | E15: - | F15: All | G15: 336 | H15: 101 | I15: =ROUND(J15/26*3,0) -> 32 | J15: 279 | K15: 380 | L15: 5 | M15: 46222 | N15: =G15-H15 -> 235 | O15: =L15 -> 5 | P15: =N15*O15 -> 1175 | Q15: Stationary
A16: 5 | B16: Scissors QX-10" | C16: Pcs | E16: - | F16: Production | G16: 12 | H16: 7 | I16: =ROUND(J16/26*3,0) -> 1 | J16: 10 | K16: 6 | L16: 368 | M16: 46222 | N16: =G16-H16 -> 5 | O16: =L16 -> 368 | P16: =N16*O16 -> 1840 | Q16: Spare Parts
A17: 6 | B17: Thread Cutter | C17: Pcs | E17: - | F17: All | G17: 450 | H17: 50 | I17: =ROUND(J17/26*3,0) -> 59 | J17: 509 | K17: 540 | L17: 14.5 | M17: 46222 | N17: =G17-H17 -> 400 | O17: =L17 -> 14.5 | P17: =N17*O17 -> 5800 | Q17: Spare Parts
A18: 7 | B18: Masking Tape-01" | C18: Pcs | E18: - | F18: Production/Quilting | G18: 144 | H18: 74 | I18: =ROUND(J18/26*3,0) -> 25 | J18: 213 | K18: 161 | L18: 13.8 | M18: 46222 | N18: =G18-H18 -> 70 | O18: =L18 -> 13.8 | P18: =N18*O18 -> 966 | Q18: Production
A19: 8 | B19: Both Side Tape 01cm White | C19: Pcs | E19: - | F19: All | G19: 560 | H19: 372 | I19: =ROUND(J19/26*3,0) -> 34 | J19: 293 | K19: 336 | L19: 35.8 | M19: 46221 | N19: =G19-H19 -> 188 | O19: =L19 -> 35.8 | P19: =N19*O19 -> 6730.4 | Q19: Production
A20: 9 | B20: Gel Pen-Silver | C20: Pcs | E20: - | F20: Production/Cutting | G20: 250 | H20: 105 | I20: =ROUND(J20/26*3,0) -> 25 | J20: 217 | K20: 130 | L20: 16 | M20: 46229 | N20: =G20-H20 -> 145 | O20: =L20 -> 16 | P20: =N20*O20 -> 2320 | Q20: Stationary
A21: 10 | B21: P/M Plastic Plain Feet | C21: Pcs | E21: - | F21: Production | G21: 300 | H21: 110 | I21: =ROUND(J21/26*3,0) -> 24 | J21: 206 | K21: 186 | L21: 16 | M21: 46203 | N21: =G21-H21 -> 190 | O21: =L21 -> 16 | P21: =N21*O21 -> 3040 | Q21: Spare Parts
A22: 11 | B22: P/M Plastic Zipper Guide-Both | C22: Pcs | E22: - | F22: Production | G22: 100 | H22: 59 | I22: =ROUND(J22/26*3,0) -> 7 | J22: 60 | K22: 350 | L22: 18 | M22: 46079 | N22: =G22-H22 -> 41 | O22: =L22 -> 18 | P22: =N22*O22 -> 738 | Q22: Spare Parts
A23: 12 | B23: CD-DVD Marker Pen | C23: Pcs | E23: - | F23: All | G23: 150 | H23: 103 | I23: =ROUND(J23/26*3,0) -> 17 | J23: 144 | K23: 75 | L23: 17 | M23: 46221 | N23: =G23-H23 -> 47 | O23: =L23 -> 17 | P23: =N23*O23 -> 799 | Q23: Stationary
... A43: 32 | B43: Printer Cartridge-HP 45 | C43: Pcs | E43: - | F43: Sample +Cad | G43: 24 | H43: 9 | I43: =ROUND(J43/26*3,0) -> 2 | J43: 16 | K43: 7 | L43: 2940 | M43: 46232 | N43: =G43-H43 -> 15 | O43: =L43 -> 2940 | P43: =N43*O43 -> 44100 | Q43: Stationary
A44: 33 | B44: Stick Up Liquid Glue-50ml | C44: Pcs | D44: Deli | E44: - | F44: Sample +Cad | G44: 5 | H44: 0 | I44: =ROUND(J44/26*3,0) -> 1 | J44: 10 | K44: 4 | L44: 30 | M44: 46191 | N44: =G44-H44 -> 5 | O44: =L44 -> 30 | P44: =N44*O44 -> 150 | Q44: Stationary
A45: 34 | B45: Printer Cartridge-LBP 6030W | C45: Pcs | D45: 6030w | E45: - | F45: Sample Store | G45: 5 | H45: 3 | I45: =ROUND(J45/26*3,0) -> 0 | J45: 1 | K45: 4 | L45: 810 | M45: 46232 | N45: =G45-H45 -> 2 | O45: =L45 -> 810 | P45: =N45*O45 -> 1620 | Q45: Stationary
A46: 35 | B46: Poly-18" x 26" | C46: Kg | D46: Length 26", width 18" | E46: - | F46: Sample +Cad | G46: 10 | H46: 0 | I46: =ROUND(J46/26*3,0) -> 0 | J46: 0 | K46: 0 | L46: 0 | M46: 0 | N46: =G46-H46 -> 10 | O46: =L46 -> 0 | P46: =N46*O46 -> 0 | Q46: Stationary
A47: 36 | B47: Poly-28" x 22" | C47: KG | D47: Length 28", width 22" | E47: - | F47: Sample +Cad | G47: 10 | H47: 0 | I47: =ROUND(J47/26*3,0) -> 0 | J47: 0 | K47: 0 | L47: 0 | M47: 0 | N47: =G47-H47 -> 10 | O47: =L47 -> 0 | P47: =N47*O47 -> 0 | Q47: Stationary
A48: 37 | B48: Savlon | C48: Litter | E48: New | F48: Sample +Cad | G48: 5 | H48: 0 | I48: =ROUND(J48/26*3,0) -> 0 | J48: 0 | K48: 0 | L48: 0 | M48: 0 | N48: =G48-H48 -> 5 | O48: =L48 -> 0 | P48: =N48*O48 -> 0 | Q48: Stationary
A49: 38 | B49: Tibbat Ball Soap | C49: Pcs | D49: 570 | E49: - | F49: Sample +Cad | G49: 10 | H49: 0 | I49: =ROUND(J49/26*3,0) -> 2 | J49: 14 | K49: 14 | L49: 25 | M49: 46222 | N49: =G49-H49 -> 10 | O49: =L49 -> 25 | P49: =N49*O49 -> 250 | Q49: Production
A50: 39 | B50: EPSON Refill INK Bottle | C50: Pcs | D50: EPSON Ecotank (C=1,M=1,Y=1,K=1) | E50: New | F50: Sample +Cad | G50: 4 | H50: 0 | I50: =ROUND(J50/26*3,0) -> 0 | J50: 0 | K50: 0 | L50: 0 | M50: 0 | N50: =G50-H50 -> 4 | O50: =L50 -> 0 | P50: =N50*O50 -> 0 | Q50: Stationary
A51: 40 | B51: Laminating Paper-A4 Size | C51: Pkt | E51: - | F51: HR | G51: 2 | H51: 1 | I51: =ROUND(J51/26*3,0) -> 0 | J51: 0 | K51: 1 | L51: 780 | M51: 46222 | N51: =G51-H51 -> 1 | O51: =L51 -> 780 | P51: =N51*O51 -> 780 | Q51: Stationary
A52: 41 | B52: Staff ID Card | C52: Pcs | E52: - | F52: HR | G52: 300 | H52: 0 | I52: =ROUND(J52/26*3,0) -> 5 | J52: 43 | K52: 43 | L52: 42 | M52: 46224 | N52: =G52-H52 -> 300 | O52: =L52 -> 42 | P52: =N52*O52 -> 12600 | Q52: Press
A53: 42 | B53: NC Thinner | C53: Ltr | E53: - | F53: HR | G53: 8 | H53: 0 | I53: =ROUND(J53/26*3,0) -> 1 | J53: 8 | K53: 5 | L53: 250 | M53: 46221 | N53: =G53-H53 -> 8 | O53: =L53 -> 250 | P53: =N53*O53 -> 2000 | Q53: Chemical
A54: 43 | B54: Yellow Paint | C54: Galon | E54: - | F54: HR | G54: 2 | H54: 0 | I54: =ROUND(J54/26*3,0) -> 0 | J54: 2 | K54: 2 | L54: 4200 | M54: 46207 | N54: =G54-H54 -> 2 | O54: =L54 -> 4200 | P54: =N54*O54 -> 8400 | Q54: Cleaning
A55: 44 | B55: Red Paint | C55: Galon | E55: - | F55: HR | G55: 1 | H55: 0 | I55: =ROUND(J55/26*3,0) -> 0 | J55: 1 | K55: 1 | L55: 4200 | M55: 46207 | N55: =G55-H55 -> 1 | O55: =L55 -> 4200 | P55: =N55*O55 -> 4200 | Q55: Stationary
A56: 45 | B56: Gum Tape 01" Transparent | C56: Pcs | E56: - | F56: All | G56: 560 | H56: 292 | I56: =ROUND(J56/26*3,0) -> 48 | J56: 417 | K56: 260 | L56: 12 | M56: 46221 | N56: =G56-H56 -> 268 | O56: =L56 -> 12 | P56: =N56*O56 -> 3216 | Q56: Production
A57: 46 | B57: Ear Plug | C57: Pcs | E57: - | F57: HR | G57: 20 | H57: 0 | I57: =ROUND(J57/26*3,0) -> 0 | J57: 0 | K57: 29 | L57: 15 | M57: 45434 | N57: =G57-H57 -> 20 | O57: =L57 -> 15 | P57: =N57*O57 -> 300 | Q57: Stationary
A58: 47 | B58: Binder Clip-32mm | C58: Pcs | D58: Small Size | E58: - | F58: HR | G58: 60 | H58: 0 | I58: =ROUND(J58/26*3,0) -> 3 | J58: 24 | K58: 25 | L58: 4 | M58: 45936 | N58: =G58-H58 -> 60 | O58: =L58 -> 4 | P58: =N58*O58 -> 240 | Q58: Stationary
A59: 48 | B59: Mineral Water-330ml | C59: Pcs | D59: MUM | E59: - | F59: HR | G59: =24*5 -> 120 | H59: 0 | I59: =ROUND(J59/26*3,0) -> 8 | J59: 72 | K59: 72 | L59: 9.791 | M59: 46212 | N59: =G59-H59 -> 120 | O59: =L59 -> 9.791 | P59: =N59*O59 -> 1174.92 | Q59: Cleaning
A60: 49 | B60: Battary | C60: Pcs | D60: Colling Bell Remort | E60: New | F60: HR | G60: 6 | H60: 0 | I60: =ROUND(J60/26*3,0) -> 0 | J60: 0 | K60: 0 | L60: 0 | M60: 0 | N60: =G60-H60 -> 6 | O60: =L60 -> 0 | P60: =N60*O60 -> 0 | Q60: Stationary
A61: 50 | B61: Broom Flower | C61: Pcs | E61: - | F61: Cleaning | G61: 60 | H61: 50 | I61: =ROUND(J61/26*3,0) -> 2 | J61: 20 | K61: 70 | L61: 50 | M61: 46222 | N61: =G61-H61 -> 10 | O61: =L61 -> 50 | P61: =N61*O61 -> 500 | Q61: Cleaning
A62: 51 | B62: Napkin Tissue | C62: Pkt | D62: Fresh Soft | E62: - | F62: Cleaning | G62: 40 | H62: 28 | I62: =ROUND(J62/26*3,0) -> 6 | J62: 48 | K62: 42 | L62: 70 | M62: 46222 | N62: =G62-H62 -> 12 | O62: =L62 -> 70 | P62: =N62*O62 -> 840 | Q62: Cleaning
A63: 52 | B63: Harpic Liquid-750ml | C63: Pcs | E63: - | F63: Cleaning | G63: 200 | H63: 126 | I63: =ROUND(J63/26*3,0) -> 11 | J63: 92 | K63: 200 | L63: 109.5 | M63: 46221 | N63: =G63-H63 -> 74 | O63: =L63 -> 109.5 | P63: =N63*O63 -> 8103 | Q63: Cleaning
A64: 53 | B64: Lizol Floor Cleaner-1000ml | C64: Pcs | E64: - | F64: Cleaning | G64: 25 | H64: 18 | I64: =ROUND(J64/26*3,0) -> 3 | J64: 30 | K64: 48 | L64: 265 | M64: 46222 | N64: =G64-H64 -> 7 | O64: =L64 -> 265 | P64: =N64*O64 -> 1855 | Q64: Cleaning
A65: 54 | B65: Vim Dishwashing Liquid 500ml | C65: Pcs | E65: - | F65: Cleaning | G65: 30 | H65: 14 | I65: =ROUND(J65/26*3,0) -> 2 | J65: 19 | K65: 24 | L65: 130 | M65: 46221 | N65: =G65-H65 -> 16 | O65: =L65 -> 130 | P65: =N65*O65 -> 2080 | Q65: Cleaning
A66: 55 | B66: Hand Towel Tissue | C66: Pcs | E66: - | F66: Cleaning | G66: 5 | H66: 4 | I66: =ROUND(J66/26*3,0) -> 0 | J66: 2 | K66: 6 | L66: 100 | M66: 46221 | N66: =G66-H66 -> 1 | O66: =L66 -> 100 | P66: =N66*O66 -> 100 | Q66: Cleaning
A67: 56 | B67: Handwash Liquied 5ltr Jar | C67: Pcs | D67: Life Boy | E67: - | F67: Cleaning | G67: 2 | H67: 1 | I67: =ROUND(J67/26*3,0) -> 0 | J67: 1 | K67: 1 | L67: 1100 | M67: 46221 | N67: =G67-H67 -> 1 | O67: =L67 -> 1100 | P67: =N67*O67 -> 1100 | Q67: Cleaning
A68: 57 | B68: Mop Small Size | C68: Pcs | E68: - | F68: Cleaning | G68: 10 | H68: 0 | I68: =ROUND(J68/26*3,0) -> 0 | J68: 0 | K68: 0 | L68: 0 | M68: 0 | N68: =G68-H68 -> 10 | O68: =L68 -> 0 | P68: =N68*O68 -> 0 | Q68: Cleaning
A69: 58 | B69: Wheel Detergent Powder | C69: Kg | E69: - | F69: Cleaning | G69: 15 | H69: 0 | I69: =ROUND(J69/26*3,0) -> 2 | J69: 19 | K69: 14 | L69: 140 | M69: 46191 | N69: =G69-H69 -> 15 | O69: =L69 -> 140 | P69: =N69*O69 -> 2100 | Q69: Cleaning
A70: 59 | B70: Bleaching Powder | C70: Kg | E70: - | F70: Cleaning | G70: 15 | H70: 0 | I70: =ROUND(J70/26*3,0) -> 2 | J70: 18 | K70: 11 | L70: 70 | M70: 46221 | N70: =G70-H70 -> 15 | O70: =L70 -> 70 | P70: =N70*O70 -> 1050 | Q70: Cleaning
A71: 60 | B71: Phenyle Floor Cleaner (3 Ltr Jar) | C71: Pcs | D71: 05 Ltt Jar | E71: - | F71: Cleaning | G71: 10 | H71: 5 | I71: =ROUND(J71/26*3,0) -> 1 | J71: 6 | K71: 11 | L71: 170 | M71: 46222 | N71: =G71-H71 -> 5 | O71: =L71 -> 170 | P71: =N71*O71 -> 850 | Q71: Cleaning
A72: 61 | B72: Toilet Tissue | C72: Pcs | D72: Bashundara | E72: - | F72: Cleaning | G72: 360 | H72: 240 | I72: =ROUND(J72/26*3,0) -> 17 | J72: 149 | K72: 317 | L72: 21.8 | M72: 46222 | N72: =G72-H72 -> 120 | O72: =L72 -> 21.8 | P72: =N72*O72 -> 2616 | Q72: Cleaning
A73: 62 | B73: Toilet Hand Brush | C73: Pcs | D73: Toilet Round Broush | E73: - | F73: Cleaning | G73: 20 | H73: 0 | I73: =ROUND(J73/26*3,0) -> 1 | J73: 12 | K73: 12 | L73: 65 | M73: 46191 | N73: =G73-H73 -> 20 | O73: =L73 -> 65 | P73: =N73*O73 -> 1300 | Q73: Cleaning
A74: 63 | B74: Cosco Soap-Mini | C74: Pcs | E74: - | F74: Cleaning | G74: 300 | H74: 230 | I74: =ROUND(J74/26*3,0) -> 33 | J74: 288 | K74: 216 | L74: 14.6 | M74: 46221 | N74: =G74-H74 -> 70 | O74: =L74 -> 14.6 | P74: =N74*O74 -> 1022 | Q74: Cleaning
A75: 64 | B75: Odonil Air Freshner | C75: Pcs | D75: Jesmin | E75: - | F75: Cleaning | G75: 30 | H75: 14 | I75: =ROUND(J75/26*3,0) -> 2 | J75: 19 | K75: 26 | L75: 45 | M75: 46221 | N75: =G75-H75 -> 16 | O75: =L75 -> 45 | P75: =N75*O75 -> 720 | Q75: Cleaning
A76: 65 | B76: Naphthalene | C76: Kg | E76: - | F76: Cleaning | G76: 3 | H76: 0 | I76: =ROUND(J76/26*3,0) -> 0 | J76: 4 | K76: 2 | L76: 390 | M76: 46222 | N76: =G76-H76 -> 3 | O76: =L76 -> 390 | P76: =N76*O76 -> 1170 | Q76: Cleaning
A77: 66 | B77: Glass Cleaner-350ml | C77: Pcs | E77: - | F77: Cleaning | G77: 10 | H77: 0 | I77: =ROUND(J77/26*3,0) -> 1 | J77: 11 | K77: 11 | L77: 95 | M77: 46221 | N77: =G77-H77 -> 10 | O77: =L77 -> 95 | P77: =N77*O77 -> 950 | Q77: Cleaning
A78: 67 | B78: Vixol Power-1000ml | C78: Pcs | E78: - | F78: Cleaning | G78: 15 | H78: 10 | I78: =ROUND(J78/26*3,0) -> 1 | J78: 7 | K78: 10 | L78: 85 | M78: 46222 | N78: =G78-H78 -> 5 | O78: =L78 -> 85 | P78: =N78*O78 -> 425 | Q78: Cleaning
A79: 68 | B79: Washroom Uses Sandle | C79: Pair | E79: - | F79: Cleaning | G79: 40 | H79: 0 | I79: =ROUND(J79/26*3,0) -> 7 | J79: 62 | K79: 59 | L79: 40 | M79: 46221 | N79: =G79-H79 -> 40 | O79: =L79 -> 40 | P79: =N79*O79 -> 1600 | Q79: Cleaning
A80: 69 | B80: Connection Pipe-48" | C80: Pcs | D80: 48" | E80: - | F80: Cleaning | G80: 10 | H80: 7 | I80: =ROUND(J80/26*3,0) -> 0 | J80: 0 | K80: 12 | L80: 100 | M80: 45556 | N80: =G80-H80 -> 3 | O80: =L80 -> 100 | P80: =N80*O80 -> 300 | Q80: Cleaning
A81: 70 | B81: Drwar Lock | C81: Pcs | E81: New | F81: Cleaning | G81: 60 | H81: 0 | I81: =ROUND(J81/26*3,0) -> 0 | J81: 0 | K81: 0 | L81: 0 | M81: 0 | N81: =G81-H81 -> 60 | O81: =L81 -> 0 | P81: =N81*O81 -> 0 | Q81: Cleaning
A82: 71 | B82: Garbage Polybag | C82: Kg | E82: - | F82: Cleaning | G82: 4 | H82: 3 | I82: =ROUND(J82/26*3,0) -> 0 | J82: 0 | K82: 3 | L82: 210 | M82: 46222 | N82: =G82-H82 -> 1 | O82: =L82 -> 210 | P82: =N82*O82 -> 210 | Q82: Cleaning
A83: 72 | B83: Machine Oil-32 Grade | C83: Ltr | E83: - | F83: Maintenance | G83: 20 | H83: 0 | I83: =ROUND(J83/26*3,0) -> 2 | J83: 20 | K83: 20 | L83: 340 | M83: 46211 | N83: =G83-H83 -> 20 | O83: =L83 -> 340 | P83: =N83*O83 -> 6800 | Q83: Spare Parts
A84: 73 | B84: B/T Eye Glass | C84: Pcs | D84: Juki LK-1900SSS000-A | E84: - | F84: Maintenance | G84: 15 | H84: 0 | I84: =ROUND(J84/26*3,0) -> 2 | J84: 19 | K84: 37 | L84: 20 | M84: 46167 | N84: =G84-H84 -> 15 | O84: =L84 -> 20 | P84: =N84*O84 -> 300 | Q84: Spare Parts
A85: 74 | B85: B/T Eye Glass-Juki | C85: Pcs | D85: Barther KE-430DP-03 | E85: New | F85: Maintenance | G85: 15 | H85: 0 | I85: =ROUND(J85/26*3,0) -> 0 | J85: 0 | K85: 0 | L85: 0 | M85: 0 | N85: =G85-H85 -> 15 | O85: =L85 -> 0 | P85: =N85*O85 -> 0 | Q85: Spare Parts
A86: 75 | B86: Cutting Machine Knife Screw | C86: Pcs | E86: - | F86: Maintenance | G86: 10 | H86: 0 | I86: =ROUND(J86/26*3,0) -> 1 | J86: 10 | K86: 10 | L86: 25 | M86: 46210 | N86: =G86-H86 -> 10 | O86: =L86 -> 25 | P86: =N86*O86 -> 250 | Q86: Spare Parts
A87: 76 | B87: Combination Spanner-07mm | C87: Pcs | D87: 7.8.9.10.11.12 | E87: - | F87: Maintenance | G87: 5 | H87: 0 | I87: =ROUND(J87/26*3,0) -> 0 | J87: 0 | K87: 6 | L87: 140 | M87: 45635 | N87: =G87-H87 -> 5 | O87: =L87 -> 140 | P87: =N87*O87 -> 700 | Q87: Spare Parts
A88: 77 | B88: Combination Spanner-08mm | C88: Pcs | E88: - | F88: Maintenance | G88: 5 | H88: 0 | I88: =ROUND(J88/26*3,0) -> 0 | J88: 0 | K88: 6 | L88: 150 | M88: 45635 | N88: =G88-H88 -> 5 | O88: =L88 -> 150 | P88: =N88*O88 -> 750 | Q88: Spare Parts
A89: 78 | B89: Combination Spanner-12mm | C89: Pcs | E89: - | F89: Maintenance | G89: 5 | H89: 0 | I89: =ROUND(J89/26*3,0) -> 0 | J89: 0 | K89: 0 | L89: 0 | M89: 0 | N89: =G89-H89 -> 5 | O89: =L89 -> 0 | P89: =N89*O89 -> 0 | Q89: Spare Parts
A90: 79 | B90: Combination Spanner-10mm | C90: Pcs | E90: - | F90: Maintenance | G90: 5 | H90: 0 | I90: =ROUND(J90/26*3,0) -> 0 | J90: 0 | K90: 1 | L90: 170 | M90: 45635 | N90: =G90-H90 -> 5 | O90: =L90 -> 170 | P90: =N90*O90 -> 850 | Q90: Spare Parts
A91: 80 | B91: Combination Spanner-11mm | C91: Pcs | E91: - | F91: Maintenance | G91: 5 | H91: 0 | I91: =ROUND(J91/26*3,0) -> 0 | J91: 0 | K91: 1 | L91: 170 | M91: 45635 | N91: =G91-H91 -> 5 | O91: =L91 -> 170 | P91: =N91*O91 -> 850 | Q91: Spare Parts
A92: 81 | B92: P/M Auto Bobbin Winder Rubber | C92: Pcs | D92: Balck | E92: - | F92: Maintenance | G92: 30 | H92: 0 | I92: =ROUND(J92/26*3,0) -> 2 | J92: 15 | K92: 15 | L92: 10 | M92: 46203 | N92: =G92-H92 -> 30 | O92: =L92 -> 10 | P92: =N92*O92 -> 300 | Q92: Spare Parts
A93: 82 | B93: F/L Loop Folder-24mm-12mm | C93: Pcs | D93: Inpout-24mm Outpout-12mm | E93: New | F93: Maintenance | G93: 2 | H93: 0 | I93: =ROUND(J93/26*3,0) -> 0 | J93: 1 | K93: 1 | L93: 600 | M93: 46219 | N93: =G93-H93 -> 2 | O93: =L93 -> 600 | P93: =N93*O93 -> 1200 | Q93: Spare Parts
A94: 83 | B94: B/T Machine Sattel-Juki | C94: Pcs | D94: Juki LK-1900SSS000-A | E94: - | F94: Maintenance | G94: 5 | H94: 0 | I94: =ROUND(J94/26*3,0) -> 0 | J94: 0 | K94: 5 | L94: 650 | M94: 46119 | N94: =G94-H94 -> 5 | O94: =L94 -> 650 | P94: =N94*O94 -> 3250 | Q94: Spare Parts
A95: 84 | B95: B/T Machine Sattel-Brother | C95: Pcs | D95: Brother KE-430DP-03 | E95: - | F95: Maintenance | G95: 5 | H95: 0 | I95: =ROUND(J95/26*3,0) -> 0 | J95: 0 | K95: 5 | L95: 650 | M95: 46119 | N95: =G95-H95 -> 5 | O95: =L95 -> 650 | P95: =N95*O95 -> 3250 | Q95: Spare Parts
A96: 85 | B96: B/T Machine Ring-Juki | C96: Pcs | D96: Juki LK-1900SSS000-A | E96: - | F96: Maintenance | G96: 5 | H96: 0 | I96: =ROUND(J96/26*3,0) -> 0 | J96: 0 | K96: 5 | L96: 850 | M96: 46119 | N96: =G96-H96 -> 5 | O96: =L96 -> 850 | P96: =N96*O96 -> 4250 | Q96: Spare Parts
A97: 86 | B97: P/M Plastic Guide 1/16 CR | C97: Pcs | E97: - | F97: Maintenance | G97: 150 | H97: 0 | I97: =ROUND(J97/26*3,0) -> 5 | J97: 40 | K97: 100 | L97: 19 | M97: 46203 | N97: =G97-H97 -> 150 | O97: =L97 -> 19 | P97: =N97*O97 -> 2850 | Q97: Spare Parts
A98: 87 | B98: B/T Machine Ring-Brother | C98: Pcs | D98: Brother KE-430DP-03 | E98: - | F98: Maintenance | G98: 5 | H98: 0 | I98: =ROUND(J98/26*3,0) -> 0 | J98: 0 | K98: 5 | L98: 450 | M98: 46119 | N98: =G98-H98 -> 5 | O98: =L98 -> 450 | P98: =N98*O98 -> 2250 | Q98: Spare Parts
A99: 88 | B99: 500ml Siliconi Silicone | C99: Pcs | E99: New | F99: Maintenance | G99: 2 | H99: 0 | I99: =ROUND(J99/26*3,0) -> 0 | J99: 0 | K99: 0 | L99: 0 | M99: 0 | N99: =G99-H99 -> 2 | O99: =L99 -> 0 | P99: =N99*O99 -> 0 | Q99: Spare Parts
A100: 89 | B100: P/M Tension Pust Spring | C100: Pcs | D100: Juki-DDL-900C 40263455 | E100: - | F100: Maintenance | G100: 2 | H100: 0 | I100: =ROUND(J100/26*3,0) -> 0 | J100: 0 | K100: 5 | L100: 5 | M100: 46167 | N100: =G100-H100 -> 2 | O100: =L100 -> 5 | P100: =N100*O100 -> 10 | Q100: Spare Parts
A101: 90 | B101: Pvc Pipe-3/4'' | C101: Pcs | D101: White | E101: - | F101: Maintenance | G101: 30 | H101: 0 | I101: =ROUND(J101/26*3,0) -> 4 | J101: 36 | K101: 7 | L101: 118 | M101: 46215 | N101: =G101-H101 -> 30 | O101: =L101 -> 118 | P101: =N101*O101 -> 3540 | Q101: Spare Parts
A102: 91 | B102: Metal Flexible Pipe 1/2" | C102: Coil | E102: - | F102: Maintenance | G102: 3 | H102: 0 | I102: =ROUND(J102/26*3,0) -> 0 | J102: 1 | K102: 1 | L102: 2400 | M102: 46202 | N102: =G102-H102 -> 3 | O102: =L102 -> 2400 | P102: =N102*O102 -> 7200 | Q102: Spare Parts
A103: 92 | B103: Pvc Elbow-3/4" | C103: Pcs | D103: White | E103: - | F103: Maintenance | G103: 50 | H103: 40 | I103: =ROUND(J103/26*3,0) -> 2 | J103: 20 | K103: 30 | L103: 16 | M103: 46215 | N103: =G103-H103 -> 10 | O103: =L103 -> 16 | P103: =N103*O103 -> 160 | Q103: Spare Parts
A104: 93 | B104: Ceiling Fan Capacitor 2.5MF | C104: Pcs | D104: 2.5MF | E104: - | F104: Maintenance | G104: 10 | H104: 1 | I104: =ROUND(J104/26*3,0) -> 0 | J104: 0 | K104: 1 | L104: 100 | M104: 46163 | N104: =G104-H104 -> 9 | O104: =L104 -> 100 | P104: =N104*O104 -> 900 | Q104: Spare Parts
A105: 94 | B105: Quilting M/C DC LED light | C105: Pcs | D105: 24V | E105: New | F105: Maintenance | G105: 10 | H105: 0 | I105: =ROUND(J105/26*3,0) -> 0 | J105: 0 | K105: 0 | L105: 0 | M105: 0 | N105: =G105-H105 -> 10 | O105: =L105 -> 0 | P105: =N105*O105 -> 0 | Q105: Spare Parts
A106: 95 | B106: Steam Iron Shoe-BS6PC | C106: Pcs | D106: BS-6PC | E106: - | F106: Maintenance | G106: 40 | H106: 0 | I106: =ROUND(J106/26*3,0) -> 3 | J106: 25 | K106: 7 | L106: 150 | M106: 46201 | N106: =G106-H106 -> 40 | O106: =L106 -> 150 | P106: =N106*O106 -> 6000 | Q106: Spare Parts
A107: 96 | B107: Narrow Steam Iron Shoe(Bsp 200 Blue) | C107: Pcs | D107: BSP-200 Blue | E107: - | F107: Maintenance | G107: 20 | H107: 13 | I107: =ROUND(J107/26*3,0) -> 0 | J107: 4 | K107: 6 | L107: 280 | M107: 46201 | N107: =G107-H107 -> 7 | O107: =L107 -> 280 | P107: =N107*O107 -> 1960 | Q107: Spare Parts
A108: 97 | B108: Fuse-10 Amp | C108: Pcs | D108: 2cm | E108: - | F108: Maintenance | G108: 300 | H108: 140 | I108: =ROUND(J108/26*3,0) -> 35 | J108: 300 | K108: 483 | L108: 3 | M108: 46202 | N108: =G108-H108 -> 160 | O108: =L108 -> 3 | P108: =N108*O108 -> 480 | Q108: Spare Parts
A109: 98 | B109: Iron Table Foam-60"/32" | C109: Pcs | D109: 60"/32" | E109: New | F109: Maintenance | G109: 20 | H109: 0 | I109: =ROUND(J109/26*3,0) -> 0 | J109: 0 | K109: 0 | L109: 0 | M109: 0 | N109: =G109-H109 -> 20 | O109: =L109 -> 0 | P109: =N109*O109 -> 0 | Q109: Spare Parts
A110: 99 | B110: Iron Table Foam-56"/32" | C110: Pcs | D110: 56"/32 | E110: New | F110: Maintenance | G110: 20 | H110: 0 | I110: =ROUND(J110/26*3,0) -> 0 | J110: 0 | K110: 0 | L110: 0 | M110: 0 | N110: =G110-H110 -> 20 | O110: =L110 -> 0 | P110: =N110*O110 -> 0 | Q110: Spare Parts
A111: 100 | B111: Vaccum Iron Table Motor Fan | C111: Pcs | E111: New | F111: Maintenance | G111: 1 | H111: 0 | I111: =ROUND(J111/26*3,0) -> 0 | J111: 0 | K111: 0 | L111: 0 | M111: 0 | N111: =G111-H111 -> 1 | O111: =L111 -> 0 | P111: =N111*O111 -> 0 | Q111: Spare Parts
A112: 101 | B112: Circuit Breaker 4A SP | C112: Pcs | D112: Semans | E112: - | F112: Maintenance | G112: 4 | H112: 0 | I112: =ROUND(J112/26*3,0) -> 0 | J112: 0 | K112: 0 | L112: 0 | M112: 0 | N112: =G112-H112 -> 4 | O112: =L112 -> 0 | P112: =N112*O112 -> 0 | Q112: Spare Parts
A113: 102 | B113: Circuit Breaker SP-04A(ABB) | C113: Pcs | D113: ABB | E113: - | F113: Maintenance | G113: 4 | H113: 0 | I113: =ROUND(J113/26*3,0) -> 0 | J113: 0 | K113: 12 | L113: 500 | M113: 46080 | N113: =G113-H113 -> 4 | O113: =L113 -> 500 | P113: =N113*O113 -> 2000 | Q113: Spare Parts
A114: 103 | B114: Cable Clip-8mm | C114: Box | E114: - | F114: Maintenance | G114: 2 | H114: 0 | I114: =ROUND(J114/26*3,0) -> 0 | J114: 0 | K114: 10 | L114: 65 | M114: 46014 | N114: =G114-H114 -> 2 | O114: =L114 -> 65 | P114: =N114*O114 -> 130 | Q114: Spare Parts
A115: 104 | B115: Royal Bolt SS-12mm | C115: Pcs | E115: - | F115: Maintenance | G115: 50 | H115: 0 | I115: =ROUND(J115/26*3,0) -> 3 | J115: 30 | K115: 100 | L115: 46 | M115: 46137 | N115: =G115-H115 -> 50 | O115: =L115 -> 46 | P115: =N115*O115 -> 2300 | Q115: Spare Parts
A116: 105 | B116: Air Pipe-08mm | C116: Mtr | D116: 8mm | E116: - | F116: Maintenance | G116: 100 | H116: 0 | I116: =ROUND(J116/26*3,0) -> 0 | J116: 0 | K116: 100 | L116: 28 | M116: 46137 | N116: =G116-H116 -> 100 | O116: =L116 -> 28 | P116: =N116*O116 -> 2800 | Q116: Spare Parts
A117: 106 | B117: Air Solenoid Valve- Sy5120-SG-01 | C117: Pcs | D117: SY5120-5G-01 | E117: - | F117: Maintenance | G117: 2 | H117: 0 | I117: =ROUND(J117/26*3,0) -> 0 | J117: 4 | K117: 5 | L117: 1600 | M117: 46202 | N117: =G117-H117 -> 2 | O117: =L117 -> 1600 | P117: =N117*O117 -> 3200 | Q117: Spare Parts
A118: 107 | B118: Micro/ Limit Switch-C-25 | C118: Pcs | E118: - | F118: Maintenance | G118: 10 | H118: 3 | I118: =ROUND(J118/26*3,0) -> 0 | J118: 4 | K118: 10 | L118: 100 | M118: 46014 | N118: =G118-H118 -> 7 | O118: =L118 -> 100 | P118: =N118*O118 -> 700 | Q118: Spare Parts
A119: 108 | B119: Thread Tape | C119: Pcs | E119: - | F119: Maintenance | G119: 10 | H119: 4 | I119: =ROUND(J119/26*3,0) -> 0 | J119: 2 | K119: 6 | L119: 13 | M119: 46202 | N119: =G119-H119 -> 6 | O119: =L119 -> 13 | P119: =N119*O119 -> 78 | Q119: Spare Parts
A120: 109 | B120: AC Round Type Power 3Pin Socket | C120: Pcs | E120: - | F120: Maintenance | G120: 5 | H120: 3 | I120: =ROUND(J120/26*3,0) -> 0 | J120: 0 | K120: 5 | L120: 330 | M120: 45973 | N120: =G120-H120 -> 2 | O120: =L120 -> 330 | P120: =N120*O120 -> 660 | Q120: Spare Parts
...

Sheet Stationary
A1: Humana Apparels Pvt Ltd.
A2: Purchase Requisition
A3: Requisition No | E3: =ALL!E3 -> HAPL/Dept./ALL/2026/August/01 | N3: Store Personnel
A4: Requisition Date | E4: =ALL!E4 -> 46235 | N4: Md. Ebrahim
A5: Name of Unit | E5: =ALL!E5 -> Humana Apparels Pvt. Ltd. | N5: Sr. Executive
A6: Section | E6: =ALL!E6 -> ALL | N6: Store & Warehouse
A7: Name of User | E7: =ALL!E7 -> ALL | N7: 01839-004906
A8: Contact No. / Email | E8: =ALL!E8 -> amirul@humanaapparels.com | N8: ebrahim@humanaapparels.com
A9: SL | B9: Name of Item's | C9: Uom | D9: Specification / Brand & Model | E9: Type (Replace/ New) | F9: User Dept./ Section | G9: Stock Details | K9: Last Purchase Details | N9: To Be Procured | Q9: Store Acknowledgement on GRN | S9: Accounts Acknowledgment on Pmt | U9: Remarks
G10: Qty Requested | H10: Stock in Hand | I10: Saftey Stock | J10: Consumption (Last Month) | K10: Qty | L10: Approx Rate | M10: Date | N10: Qty | O10: Rate Appx. | P10: Amount | Q10: Pending Qty | R10: Signature | S10: Pending Qty | T10: Signature
A11: 1 | B11: Binder Register Khata-16 | C11: Pcs | E11: - | F11: Production | G11: 28 | H11: 20 | I11: 1 | J11: 5 | K11: 15 | L11: 290 | M11: 46193 | N11: 8 | O11: 290 | P11: 2320
A12: 2 | B12: Ball Pen-Black | C12: Pcs | E12: - | F12: All | G12: 336 | H12: 101 | I12: 32 | J12: 279 | K12: 380 | L12: 5 | M12: 46222 | N12: 235 | O12: 5 | P12: 1175
A13: 3 | B13: Gel Pen-Silver | C13: Pcs | E13: - | F13: Production/Cutting | G13: 250 | H13: 105 | I13: 25 | J13: 217 | K13: 130 | L13: 16 | M13: 46229 | N13: 145 | O13: 16 | P13: 2320
A14: 4 | B14: CD-DVD Marker Pen | C14: Pcs | E14: - | F14: All | G14: 150 | H14: 103 | I14: 17 | J14: 144 | K14: 75 | L14: 17 | M14: 46221 | N14: 47 | O14: 17 | P14: 799
A15: 5 | B15: Ereasser/Rubber | C15: Pcs | E15: - | F15: All | G15: 160 | H15: 92 | I15: 13 | J15: 115 | K15: 163 | L15: 5 | M15: 46221 | N15: 68 | O15: 5 | P15: 340
A16: 6 | B16: Pencil Cutter/ Sharpner | C16: Pcs | E16: - | F16: All | G16: 72 | H16: 39 | I16: 6 | J16: 51 | K16: 60 | L16: 5 | M16: 46222 | N16: 33 | O16: 5 | P16: 165
A17: 7 | B17: Calculator CD-120 | C17: Pcs | E17: - | F17: Store Production | G17: 6 | H17: 0 | I17: 1 | J17: 9 | K17: 4 | L17: 390 | M17: 46222 | N17: 6 | O17: 390 | P17: 2340
A18: 8 | B18: Offset Paper-A4 Size | C18: Ream | E18: - | F18: All | G18: 102 | H18: 61 | I18: 10 | J18: 86 | K18: 123 | L18: 430 | M18: 46222 | N18: 41 | O18: 430 | P18: 17630
A19: 9 | B19: Tooth Brush | C19: Pcs | E19: - | F19: Production/Finishing | G19: 24 | H19: 10 | I19: 2 | J19: 14 | K19: 3 | L19: 10 | M19: 46221 | N19: 14 | O19: 10 | P19: 140
A20: 10 | B20: Ball Pen-Red | C20: Pcs | E20: - | F20: Sample+Cad/Account | G20: 16 | H20: 0 | I20: 0 | J20: 0 | K20: 6 | L20: 4.85 | M20: 46153 | N20: 16 | O20: 4.85 | P20: 77.6
A21: 11 | B21: Printer Cartridge-HP 45 | C21: Pcs | E21: - | F21: Sample +Cad | G21: 24 | H21: 9 | I21: 2 | J21: 16 | K21: 7 | L21: 2940 | M21: 46232 | N21: 15 | O21: 2940 | P21: 44100
A22: 12 | B22: Stick Up Liquid Glue-50ml | C22: Pcs | D22: Deli | E22: - | F22: Sample +Cad | G22: 5 | H22: 0 | I22: 1 | J22: 10 | K22: 4 | L22: 30 | M22: 46191 | N22: 5 | O22: 30 | P22: 150
A23: 13 | B23: Printer Cartridge-LBP 6030W | C23: Pcs | D23: 6030w | E23: - | F23: Sample Store | G23: 5 | H23: 3 | I23: 0 | J23: 1 | K23: 4 | L23: 810 | M23: 46232 | N23: 2 | O23: 810 | P23: 1620
A24: 14 | B24: Poly-18" x 26" | C24: Kg | D24: Length 26", width 18" | E24: - | F24: Sample +Cad | G24: 10 | H24: 0 | I24: 0 | J24: 0 | K24: 0 | L24: 0 | M24: 0 | N24: 10 | O24: 0 | P24: 0
A25: 15 | B25: Poly-28" x 22" | C25: KG | D25: Length 28", width 22" | E25: - | F25: Sample +Cad | G25: 10 | H25: 0 | I25: 0 | J25: 0 | K25: 0 | L25: 0 | M25: 0 | N25: 10 | O25: 0 | P25: 0
A26: 16 | B26: Savlon | C26: Litter | E26: New | F26: Sample +Cad | G26: 5 | H26: 0 | I26: 0 | J26: 0 | K26: 0 | L26: 0 | M26: 0 | N26: 5 | O26: 0 | P26: 0
A27: 17 | B27: EPSON Refill INK Bottle | C27: Pcs | D27: EPSON Ecotank (C=1,M=1,Y=1,K=1) | E27: New | F27: Sample +Cad | G27: 4 | H27: 0 | I27: 0 | J27: 0 | K27: 0 | L27: 0 | M27: 0 | N27: 4 | O27: 0 | P27: 0
A28: 18 | B28: Laminating Paper-A4 Size | C28: Pkt | E28: - | F28: HR | G28: 2 | H28: 1 | I28: 0 | J28: 0 | K28: 1 | L28: 780 | M28: 46222 | N28: 1 | O28: 780 | P28: 780
A29: 19 | B29: Red Paint | C29: Galon | E29: - | F29: HR | G29: 1 | H29: 0 | I29: 0 | J29: 1 | K29: 1 | L29: 4200 | M29: 46207 | N29: 1 | O29: 4200 | P29: 4200
A30: 20 | B30: Ear Plug | C30: Pcs | E30: - | F30: HR | G30: 20 | H30: 0 | I30: 0 | J30: 0 | K30: 29 | L30: 15 | M30: 45434 | N30: 20 | O30: 15 | P30: 300
A31: 21 | B31: Binder Clip-32mm | C31: Pcs | D31: Small Size | E31: - | F31: HR | G31: 60 | H31: 0 | I31: 3 | J31: 24 | K31: 25 | L31: 4 | M31: 45936 | N31: 60 | O31: 4 | P31: 240
A32: 22 | B32: Battary | C32: Pcs | D32: Colling Bell Remort | E32: New | F32: HR | G32: 6 | H32: 0 | I32: 0 | J32: 0 | K32: 0 | L32: 0 | M32: 0 | N32: 6 | O32: 0 | P32: 0
A33: 23 | B33: Marker Pen-Permanent | C33: Pcs | E33: - | F33: Finishing/Cutting/Store | G33: 72 | H33: 25 | I33: 3 | J33: 27 | K33: 10 | L33: 33 | M33: 46222 | N33: 47 | O33: 33 | P33: 1551
A34: 24 | B34: Denim Pen-56 | C34: Pcs | E34: New | F34: Finishing | G34: 6 | H34: 0 | I34: 0 | J34: 0 | K34: 0 | L34: 0 | M34: 0 | N34: 6 | O34: 0 | P34: 0
A35: 25 | B35: Color Mix Bati | C35: Pcs | D35: Plastic | E35: New | F35: Finishing | G35: 10 | H35: 0 | I35: 0 | J35: 0 | K35: 0 | L35: 0 | M35: 0 | N35: 10 | O35: 0 | P35: 0
A36: 26 | B36: Printer Cartridge-87 A | C36: Pcs | D36: TCH-CF287A | E36: - | F36: Finishing | G36: 3 | H36: 0 | I36: 0 | J36: 2 | K36: 1 | L36: 810 | M36: 46201 | N36: 3 | O36: 810 | P36: 2430
A37: 27 | B37: Hi-Light Pen-Yellow | C37: Pcs | E37: - | F37: Account Production | G37: 20 | H37: 8 | I37: 2 | J37: 16 | K37: 32 | L37: 28 | M37: 46123 | N37: 12 | O37: 28 | P37: 336
A38: 28 | B38: Paper Weight | C38: Pcs | E38: - | F38: Account | G38: 5 | H38: 0 | I38: 0 | J38: 0 | K38: 5 | L38: 150 | M38: 45826 | N38: 5 | O38: 150 | P38: 750
A39: 29 | B39: Hi-Light Pen-Green | C39: Pcs | D39: Matador | E39: - | F39: Cutting | G39: 12 | H39: 1 | I39: 2 | J39: 14 | K39: 5 | L39: 28 | M39: 46222 | N39: 11 | O39: 28 | P39: 308
A40: 30 | B40: C/M Numbering Ink-Silver | C40: Pcs | D40: Pione | E40: - | F40: Cutting | G40: 5 | H40: 4 | I40: 0 | J40: 1 | K40: 1 | L40: 750 | M40: 46221 | N40: 1 | O40: 750 | P40: 750
A41: 31 | B41: Glue Stick-15gm | C41: Pcs | D41: Deli Brand | E41: - | F41: Cutting | G41: 12 | H41: 0 | I41: 1 | J41: 5 | K41: 8 | L41: 45 | M41: 46123 | N41: 12 | O41: 45 | P41: 540
A42: 32 | B42: Pencil Battery AAA | C42: Pcs | D42: Sunlite - AAA | E42: - | F42: Cutting | G42: 10 | H42: 9 | I42: 2 | J42: 16 | K42: 6 | L42: 18 | M42: 46222 | N42: 1 | O42: 18 | P42: 18
A43: 33 | B43: PP Poly | C43: Pound | E43: - | F43: Store | G43: 20 | H43: 0 | I43: 0 | J43: 0 | K43: 20 | L43: 165 | M43: 46191 | N43: 20 | O43: 165 | P43: 3300
A44: 34 | B44: QC Pass Sticker Printed | C44: Page | E44: - | F44: Store | G44: 200 | H44: 0 | I44: 4 | J44: 36 | K44: 550 | L44: 4.5 | M44: 45706 | N44: 200 | O44: 4.5 | P44: 900
A45: 35 | B45: Worker Recruitment Identity Service Book | C45: Book | E45: - | F45: HRAC | G45: 2 | H45: 0 | I45: 0 | J45: 0 | K45: 0 | L45: 0 | M45: 0 | N45: 2 | O45: 0 | P45: 0
A46: Total- | P46: =SUM(P11:P45) -> 89579.6
B53: Prepared by | G53: Store | O53: Checked by | U53: Approved by

Sheet Production
A1: Humana Apparels Pvt Ltd.
A2: Purchase Requisition
A3: Requisition No | E3: =ALL!E3 -> HAPL/Dept./ALL/2026/August/01 | N3: Store Personnel
A4: Requisition Date | E4: =ALL!E4 -> 46235 | N4: Md. Ebrahim
A5: Name of Unit | E5: =ALL!E5 -> Humana Apparels Pvt. Ltd. | N5: Sr. Executive
A6: Section | E6: =ALL!E6 -> ALL | N6: Store & Warehouse
A7: Name of User | E7: =ALL!E7 -> ALL | N7: 01839-004906
A8: Contact No. / Email | E8: =ALL!E8 -> amirul@humanaapparels.com | N8: ebrahim@humanaapparels.com
A9: SL | B9: Name of Item's | C9: Uom | D9: Specification / Brand & Model | E9: Type (Replace/ New) | F9: User Dept./ Section | G9: Stock Details | K9: Last Purchase Details | N9: To Be Procured | Q9: Store Acknowledgement on GRN | S9: Accounts Acknowledgment on Pmt | U9: Remarks
G10: Qty Requested | H10: Stock in Hand | I10: Saftey Stock | J10: Consumption (Last Month) | K10: Qty | L10: Approx Rate | M10: Date | N10: Qty | O10: Rate Appx. | P10: Amount | Q10: Pending Qty | R10: Signature | S10: Pending Qty | T10: Signature
A11: 1 | B11: Measurement Tape-Lace | C11: Pcs | E11: - | F11: Production/Sample/ Cad/Cutting | G11: 48 | H11: 36 | I11: 7 | J11: 61 | K11: 150 | L11: 46 | M11: 46191 | N11: 12 | O11: 46 | P11: 552
A12: 2 | B12: Tailors Chalk | C12: Box | E12: - | F12: Production | G12: 180 | H12: 109 | I12: 14 | J12: 118 | K12: 132 | L12: 6.4 | M12: 46221 | N12: 71 | O12: 6.4 | P12: 454.4
A13: 3 | B13: Masking Tape-01" | C13: Pcs | E13: - | F13: Production/Quilting | G13: 144 | H13: 74 | I13: 25 | J13: 213 | K13: 161 | L13: 13.8 | M13: 46222 | N13: 70 | O13: 13.8 | P13: 966
A14: 4 | B14: Both Side Tape 01cm White | C14: Pcs | E14: - | F14: All | G14: 560 | H14: 372 | I14: 34 | J14: 293 | K14: 336 | L14: 35.8 | M14: 46221 | N14: 188 | O14: 35.8 | P14: 6730.4
A15: 5 | B15: Foam Tape-3.4 Feet | C15: Pcs | E15: - | F15: Production/Quilting | G15: 1300 | H15: 170 | I15: 115 | J15: 1000 | K15: 1400 | L15: 15 | M15: 46193 | N15: 1130 | O15: 15 | P15: 16950
A16: 6 | B16: Pvc Sheet (6'X3')-0.5mm | C16: Pcs | E16: - | F16: Production | G16: 60 | H16: 36 | I16: 1 | J16: 12 | K16: 9 | L16: 600 | M16: 46153 | N16: 24 | O16: 600 | P16: 14400
A17: 7 | B17: shead label a- h per size 600pies | C17: Pcs | E17: - | F17: Production | G17: 5000 | H17: 0 | I17: 0 | J17: 0 | K17: 0 | L17: 0 | M17: 0 | N17: 5000 | O17: 0 | P17: 0
A18: 8 | B18: avaalble size label xs .s.m.l.xl.xxl per size 200 | C18: Pcs | E18: - | F18: Production | G18: 1200 | H18: 0 | I18: 0 | J18: 0 | K18: 0 | L18: 0 | M18: 0 | N18: 1200 | O18: 0 | P18: 0
A19: 9 | B19: Both side fusing interlining | C19: Pcs | E19: - | F19: Production | G19: 2 | H19: 0 | I19: 0 | J19: 0 | K19: 0 | L19: 0 | M19: 0 | N19: 2 | O19: 0 | P19: 0
A20: 10 | B20: interlining biskut item 1060 (for pin hole ) rotex bd | C20: Pcs | E20: - | F20: Production | G20: 2 | H20: 0 | I20: 0 | J20: 0 | K20: 0 | L20: 0 | M20: 0 | N20: 2 | O20: 0 | P20: 0
A21: 11 | B21: Poly-50 x 70 cm | C21: Kg | E21: - | F21: Production | G21: 20 | H21: 0 | I21: 0 | J21: 0 | K21: 2.3 | L21: 478.26 | M21: 46193 | N21: 20 | O21: 478.26 | P21: 9565.2
A22: 12 | B22: Poly-80 x 90 cm | C22: Kg | E22: - | F22: Production | G22: 20 | H22: 0 | I22: 0 | J22: 0 | K22: 33.75 | L22: 355.55 | M22: 46163 | N22: 20 | O22: 355.55 | P22: 7111
... A24: 14 | B24: Marker Paper (Intake)-64" | C24: Kg | E24: - | F24: Sample+Cad | G24: 2000 | H24: 804.1 | I24: 73 | J24: 635 | K24: 904.7 | L24: 68 | M24: 46198 | N24: 1195.9 | O24: 68 | P24: 81321.2
A25: 15 | B25: Tibbat Ball Soap | C25: Pcs | D25: 570 | E25: - | F25: Sample +Cad | G25: 10 | H25: 0 | I25: 2 | J25: 14 | K25: 14 | L25: 25 | M25: 46222 | N25: 10 | O25: 25 | P25: 250
A26: 16 | B26: Gum Tape 01" Transparent | C26: Pcs | E26: - | F26: All | G26: 560 | H26: 292 | I26: 48 | J26: 417 | K26: 260 | L26: 12 | M26: 46221 | N26: 268 | O26: 12 | P26: 3216
A27: 17 | B27: Adhesive Paper-A4 Size-Brown | C27: Pkt | D27: Must be Printing Page | E27: - | F27: Finishing | G27: 30 | H27: 5 | I27: 1 | J27: 5 | K27: 10 | L27: 595 | M27: 46224 | N27: 25 | O27: 595 | P27: 14875
A28: 18 | B28: Denim Pen-82 | C28: Pcs | E28: - | F28: Finishing | G28: 6 | H28: 0 | I28: 0 | J28: 2 | K28: 2 | L28: 180 | M28: 46190 | N28: 6 | O28: 180 | P28: 1080
A29: 19 | B29: Single Jersy Fabrics | C29: Kg | D29: Single Jersey | E29: - | F29: Cutting | G29: 500 | H29: 418.1 | I29: 35 | J29: 300 | K29: 418.1 | L29: 220 | M29: 46228 | N29: 81.9 | O29: 220 | P29: 18018
A30: 20 | B30: Marker Paper (Loose)-64" | C30: Kg | D30: 64 Inch | E30: - | F30: Cutting | G30: 1000 | H30: 591 | I30: 71 | J30: 614 | K30: 419 | L30: 68 | M30: 46221 | N30: 409 | O30: 68 | P30: 27812
A31: 21 | B31: Kerosene Oil | C31: Ltr | E31: - | F31: Cutting | G31: 10 | H31: 0 | I31: 1 | J31: 10 | K31: 5 | L31: 170 | M31: 46222 | N31: 10 | O31: 170 | P31: 1700
A32: 22 | B32: Finger Balloon | C32: Pcs | D32: Scent-free balloon (Good Quality) | E32: - | F32: Cutting | G32: 1000 | H32: 667 | I32: 58 | J32: 500 | K32: 600 | L32: 2.5 | M32: 46222 | N32: 333 | O32: 2.5 | P32: 832.5
A33: 23 | B33: Gum Tape 2.5" Transparent | C33: Pcs | D33: 2.5 Inch | E33: - | F33: Cutting | G33: 400 | H33: 272 | I33: 55 | J33: 474 | K33: 591 | L33: 27 | M33: 46221 | N33: 128 | O33: 27 | P33: 3456
A34: 24 | B34: Cutting Knife-10" | C34: Pcs | D34: 10 Inch | E34: - | F34: Cutting | G34: 60 | H34: 24 | I34: 2 | J34: 13 | K34: 24 | L34: 42 | M34: 46167 | N34: 36 | O34: 42 | P34: 1512
A35: 25 | B35: Numbering Cutting Tuly | C35: Pcs | E35: - | F35: Cutting | G35: 50 | H35: 0 | I35: 5 | J35: 46 | K35: 51 | L35: 6 | M35: 46193 | N35: 50 | O35: 6 | P35: 300
A36: 26 | B36: C/M Numbering Sticker-Medium | C36: Pcs | D36: Prokash (Medium Gum) | E36: - | F36: Cutting | G36: 500 | H36: 100 | I36: 30 | J36: 260 | K36: 160 | L36: 17 | M36: 46191 | N36: 400 | O36: 17 | P36: 6800
A37: 27 | B37: C/M Sticker Ink/Blitz Ink | C37: Pcs | D37: Blidz ( Roller) | E37: - | F37: Cutting | G37: 20 | H37: 11 | I37: 1 | J37: 10 | K37: 10 | L37: 95 | M37: 46222 | N37: 9 | O37: 95 | P37: 855
A38: 28 | B38: Abrasive Belt | C38: Box | D38: KM (Abrasive Belts) Original | E38: - | F38: Cutting | G38: 15 | H38: 9 | I38: 1 | J38: 7 | K38: 5 | L38: 350 | M38: 46222 | N38: 6 | O38: 350 | P38: 2100
A39: 29 | B39: Polyethene -72" | C39: Pound | D39: Width 60" (30 Micron) | E39: - | F39: Cutting | G39: 50 | H39: 48 | I39: 0 | J39: 0 | K39: 48 | L39: 65 | M39: 46191 | N39: 2 | O39: 65 | P39: 130
A40: 30 | B40: Poly-40x35" | C40: Kg | E40: - | F40: Cutting | G40: 50 | H40: 31.751 | I40: 0 | J40: 0 | K40: 31.751 | L40: 418.88 | M40: 46222 | N40: 18.249 | O40: 418.88 | P40: 7644.1411
A41: 31 | B41: Poly-26x42" | C41: Kg | E41: - | F41: Cutting | G41: 50 | H41: 34.772 | I41: 2 | J41: 19.479 | K41: 31.751 | L41: 440.93 | M41: 46222 | N41: 15.228 | O41: 440.93 | P41: 6714.482
A42: 32 | B42: Pvc Sheet (6'X3')-01mm | C42: Pcs | D42: 01mm | E42: - | F42: Quilting | G42: 50 | H42: 39 | I42: 1 | J42: 12 | K42: 8 | L42: 1050 | M42: 46153 | N42: 11 | O42: 1050 | P42: 11550
A43: 33 | B43: Pvc Sheet (6'X3')-1.5mm | C43: Pcs | D43: 1.5mm | E43: - | F43: Quilting | G43: 150 | H43: 125 | I43: 11 | J43: 95 | K43: 73 | L43: 1280 | M43: 46191 | N43: 25 | O43: 1280 | P43: 32000
A44: 34 | B44: Pvc Sheet (8'X4')-02mm | C44: Pcs | D44: 02mm | E44: - | F44: Quilting | G44: 160 | H44: 94 | I44: 1 | J44: 7 | K44: 13 | L44: 3400 | M44: 46191 | N44: 66 | O44: 3400 | P44: 224400
A45: Total- | P45: =SUM(P11:P44) -> 567625.32
B55: Prepared by | G55: Store | O55: Checked by | T55: Approved by

Sheet Cleaning
A1: Humana Apparels Pvt Ltd.
A2: Purchase Requisition
A3: Requisition No | E3: =ALL!E3 -> HAPL/Dept./ALL/2026/August/01 | N3: Store Personnel
A4: Requisition Date | E4: =ALL!E4 -> 46235 | N4: Md. Ebrahim
A5: Name of Unit | E5: =ALL!E5 -> Humana Apparels Pvt. Ltd. | N5: Sr. Executive
A6: Section | E6: =ALL!E6 -> ALL | N6: Store & Warehouse
A7: Name of User | E7: =ALL!E7 -> ALL | N7: 01839-004906
A8: Contact No. / Email | E8: =ALL!E8 -> amirul@humanaapparels.com | N8: ebrahim@humanaapparels.com
A9: SL | B9: Name of Item's | C9: Uom | D9: Specification / Brand & Model | E9: Type (Replace/ New) | F9: User Dept./ Section | G9: Stock Details | K9: Last Purchase Details | N9: To Be Procured | Q9: Store Acknowledgement on GRN | S9: Accounts Acknowledgment on Pmt | U9: Remarks
G10: Qty Requested | H10: Stock in Hand | I10: Saftey Stock | J10: Consumption (Last Month) | K10: Qty | L10: Approx Rate | M10: Date | N10: Qty | O10: Rate Appx. | P10: Amount | Q10: Pending Qty | R10: Signature | S10: Pending Qty | T10: Signature
A11: 1 | B11: Yellow Paint | C11: Galon | E11: - | F11: HR | G11: 2 | H11: 0 | I11: 0 | J11: 2 | K11: 2 | L11: 4200 | M11: 46207 | N11: 2 | O11: 4200 | P11: 8400
A12: 2 | B12: Mineral Water-330ml | C12: Pcs | D12: MUM | E12: - | F12: HR | G12: 120 | H12: 0 | I12: 8 | J12: 72 | K12: 72 | L12: 9.791 | M12: 46212 | N12: 120 | O12: 9.791 | P12: 1174.92
A13: 3 | B13: Broom Flower | C13: Pcs | E13: - | F13: Cleaning | G13: 60 | H13: 50 | I13: 2 | J13: 20 | K13: 70 | L13: 50 | M13: 46222 | N13: 10 | O13: 50 | P13: 500
A14: 4 | B14: Napkin Tissue | C14: Pkt | D14: Fresh Soft | E14: - | F14: Cleaning | G14: 40 | H14: 28 | I14: 6 | J14: 48 | K14: 42 | L14: 70 | M14: 46222 | N14: 12 | O14: 70 | P14: 840
A15: 5 | B15: Harpic Liquid-750ml | C15: Pcs | E15: - | F15: Cleaning | G15: 200 | H15: 126 | I15: 11 | J15: 92 | K15: 200 | L15: 109.5 | M15: 46221 | N15: 74 | O15: 109.5 | P15: 8103
A16: 6 | B16: Lizol Floor Cleaner-1000ml | C16: Pcs | E16: - | F16: Cleaning | G16: 25 | H16: 18 | I16: 3 | J16: 30 | K16: 48 | L16: 265 | M16: 46222 | N16: 7 | O16: 265 | P16: 1855
A17: 7 | B17: Vim Dishwashing Liquid 500ml | C17: Pcs | E17: - | F17: Cleaning | G17: 30 | H17: 14 | I17: 2 | J17: 19 | K17: 24 | L17: 130 | M17: 46221 | N17: 16 | O17: 130 | P17: 2080
A18: 8 | B18: Hand Towel Tissue | C18: Pcs | E18: - | F18: Cleaning | G18: 5 | H18: 4 | I18: 0 | J18: 2 | K18: 6 | L18: 100 | M18: 46221 | N18: 1 | O18: 100 | P18: 100
A19: 9 | B19: Handwash Liquied 5ltr Jar | C19: Pcs | D19: Life Boy | E19: - | F19: Cleaning | G19: 2 | H19: 1 | I19: 0 | J19: 1 | K19: 1 | L19: 1100 | M19: 46221 | N19: 1 | O19: 1100 | P19: 1100
A20: 10 | B20: Mop Small Size | C20: Pcs | E20: - | F20: Cleaning | G20: 10 | H20: 0 | I20: 0 | J20: 0 | K20: 0 | L20: 0 | M20: 0 | N20: 10 | O20: 0 | P20: 0
A21: 11 | B21: Wheel Detergent Powder | C21: Kg | E21: - | F21: Cleaning | G21: 15 | H21: 0 | I21: 2 | J21: 19 | K21: 14 | L21: 140 | M21: 46191 | N21: 15 | O21: 140 | P21: 2100
A22: 12 | B22: Bleaching Powder | C22: Kg | E22: - | F22: Cleaning | G22: 15 | H22: 0 | I22: 2 | J22: 18 | K22: 11 | L22: 70 | M22: 46221 | N22: 15 | O22: 70 | P22: 1050
A23: 13 | B23: Phenyle Floor Cleaner (3 Ltr Jar) | C23: Pcs | D23: 05 Ltt Jar | E23: - | F23: Cleaning | G23: 10 | H23: 5 | I23: 1 | J23: 6 | K23: 11 | L23: 170 | M23: 46222 | N23: 5 | O23: 170 | P23: 850
A24: 14 | B24: Toilet Tissue | C24: Pcs | D24: Bashundara | E24: - | F24: Cleaning | G24: 360 | H24: 240 | I24: 17 | J24: 149 | K24: 317 | L24: 21.8 | M24: 46222 | N24: 120 | O24: 21.8 | P24: 2616
A25: 15 | B25: Toilet Hand Brush | C25: Pcs | D25: Toilet Round Broush | E25: - | F25: Cleaning | G25: 20 | H25: 0 | I25: 1 | J25: 12 | K25: 12 | L25: 65 | M25: 46191 | N25: 20 | O25: 65 | P25: 1300
A26: 16 | B26: Cosco Soap-Mini | C26: Pcs | E26: - | F26: Cleaning | G26: 300 | H26: 230 | I26: 33 | J26: 288 | K26: 216 | L26: 14.6 | M26: 46221 | N26: 70 | O26: 14.6 | P26: 1022
A27: 17 | B27: Odonil Air Freshner | C27: Pcs | D27: Jesmin | E27: - | F27: Cleaning | G27: 30 | H27: 14 | I27: 2 | J27: 19 | K27: 26 | L27: 45 | M27: 46221 | N27: 16 | O27: 45 | P27: 720
A28: 18 | B28: Naphthalene | C28: Kg | E28: - | F28: Cleaning | G28: 3 | H28: 0 | I28: 0 | J28: 4 | K28: 2 | L28: 390 | M28: 46222 | N28: 3 | O28: 390 | P28: 1170
A29: 19 | B29: Glass Cleaner-350ml | C29: Pcs | E29: - | F29: Cleaning | G29: 10 | H29: 0 | I29: 1 | J29: 11 | K29: 11 | L29: 95 | M29: 46221 | N29: 10 | O29: 95 | P29: 950
A30: 20 | B30: Vixol Power-1000ml | C30: Pcs | E30: - | F30: Cleaning | G30: 15 | H30: 10 | I30: 1 | J30: 7 | K30: 10 | L30: 85 | M30: 46222 | N30: 5 | O30: 85 | P30: 425
A31: 21 | B31: Washroom Uses Sandle | C31: Pair | E31: - | F31: Cleaning | G31: 40 | H31: 0 | I31: 7 | J31: 62 | K31: 59 | L31: 40 | M31: 46221 | N31: 40 | O31: 40 | P31: 1600
A32: 22 | B32: Connection Pipe-48" | C32: Pcs | D32: 48" | E32: - | F32: Cleaning | G32: 10 | H32: 7 | I32: 0 | J32: 0 | K32: 12 | L32: 100 | M32: 45556 | N32: 3 | O32: 100 | P32: 300
A33: 23 | B33: Drwar Lock | C33: Pcs | E33: New | F33: Cleaning | G33: 60 | H33: 0 | I33: 0 | J33: 0 | K33: 0 | L33: 0 | M33: 0 | N33: 60 | O33: 0 | P33: 0
A34: 24 | B34: Garbage Polybag | C34: Kg | E34: - | F34: Cleaning | G34: 4 | H34: 3 | I34: 0 | J34: 0 | K34: 3 | L34: 210 | M34: 46222 | N34: 1 | O34: 210 | P34: 210
A35: 25 | B35: Surgical Face Mask | C35: Pkt | D35: Sepnil | E35: - | F35: Cutting/Quilting | G35: 50 | H35: 31 | I35: 3 | J35: 25 | K35: 18 | L35: 220 | M35: 46229 | N35: 19 | O35: 220 | P35: 4180
A36: Total- | P36: =SUM(P11:P35) -> 42645.92
B43: Prepared by | G43: Store | O43: Checked by | T43: Approved by

Sheet Press
A1: Humana Apparels Pvt Ltd.
A2: Purchase Requisition
A3: Requisition No | E3: =ALL!E3 -> HAPL/Dept./ALL/2026/August/01 | N3: Store Personnel
A4: Requisition Date | E4: =ALL!E4 -> 46235 | N4: Md. Ebrahim
A5: Name of Unit | E5: =ALL!E5 -> Humana Apparels Pvt. Ltd. | N5: Sr. Executive
A6: Section | E6: =ALL!E6 -> ALL | N6: Store & Warehouse
A7: Name of User | E7: =ALL!E7 -> ALL | N7: 01839-004906
A8: Contact No. / Email | E8: =ALL!E8 -> amirul@humanaapparels.com | N8: ebrahim@humanaapparels.com
A9: SL | B9: Name of Item's | C9: Uom | D9: Specification / Brand & Model | E9: Type (Replace/ New) | F9: User Dept./ Section | G9: Stock Details | K9: Last Purchase Details | N9: To Be Procured | Q9: Store Acknowledgement on GRN | S9: Accounts Acknowledgment on Pmt | U9: Remarks
G10: Qty Requested | H10: Stock in Hand | I10: Saftey Stock | J10: Consumption (Last Month) | K10: Qty | L10: Approx Rate | M10: Date | N10: Qty | O10: Rate Appx. | P10: Amount | Q10: Pending Qty | R10: Signature | S10: Pending Qty | T10: Signature
A11: 1 | B11: Staff ID Card | C11: Pcs | E11: - | F11: HR | G11: 300 | H11: 0 | I11: 5 | J11: 43 | K11: 43 | L11: 42 | M11: 46224 | N11: 300 | O11: 42 | P11: 12600
A12: 2 | B12: Cutting Quality Control Report | C12: Book | D12: 100 page | E12: - | F12: Cutting | G12: 20 | H12: 0 | I12: 0 | J12: 0 | K12: 30 | L12: 65 | M12: 45566 | N12: 20 | O12: 65 | P12: 1300
A13: 3 | B13: Lay Report Book | C13: Book | D13: 100 page | E13: - | F13: Cutting | G13: 30 | H13: 0 | I13: 0 | J13: 0 | K13: 40 | L13: 68.25 | M13: 45859 | N13: 30 | O13: 68.25 | P13: 2047.5
A14: 4 | B14: Bin Card | C14: Pcs | E14: - | F14: Store | G14: 1000 | H14: 0 | I14: 115 | J14: 1000 | K14: 1000 | L14: 2.62 | M14: 46083 | N14: 1000 | O14: 2.62 | P14: 2620
A15: Total- | P15: =SUM(P11:P14) -> 18567.5
B24: Prepared by | G24: Store | O24: Checked by | T24: Approved by

Sheet Medical
A1: Humana Apparels Pvt Ltd.
A2: Purchase Requisition
A3: Requisition No | E3: =ALL!E3 -> HAPL/Dept./ALL/2026/August/01 | N3: Store Personnel
A4: Requisition Date | E4: =ALL!E4 -> 46235 | N4: Md. Ebrahim
A5: Name of Unit | E5: =ALL!E5 -> Humana Apparels Pvt. Ltd. | N5: Sr. Executive
A6: Section | E6: =ALL!E6 -> ALL | N6: Store & Warehouse
A7: Name of User | E7: =ALL!E7 -> ALL | N7: 01839-004906
A8: Contact No. / Email | E8: =ALL!E8 -> amirul@humanaapparels.com | N8: ebrahim@humanaapparels.com
A9: SL | B9: Name of Item's | C9: Uom | D9: Specification / Brand & Model | E9: Type (Replace/ New) | F9: User Dept./ Section | G9: Stock Details | K9: Last Purchase Details | N9: To Be Procured | Q9: Store Acknowledgement on GRN | S9: Accounts Acknowledgment on Pmt | U9: Remarks
G10: Qty Requested | H10: Stock in Hand | I10: Saftey Stock | J10: Consumption (Last Month) | K10: Qty | L10: Approx Rate | M10: Date | N10: Qty | O10: Rate Appx. | P10: Amount | Q10: Pending Qty | R10: Signature | S10: Pending Qty | T10: Signature
A11: 2 | B11: Tufnil (200mg) | C11: Pcs | D11: Tablet (10 mg) | E11: New | F11: Medical | G11: 60 | H11: =_xlfn.XLOOKUP(B11,'[1]Stock July-26'!$D:$D,'[1]Stock July-26'!$Q:$Q,0,0) -> 0 | I11: =ROUND(J11/26*3,0) -> 0 | J11: =_xlfn.XLOOKUP(B11,'[1]Stock June-26 '!$D:$D,'[1]Stock June-26 '!$O:$O,0,0) -> 0 | K11: 0 | L11: 0 | M11: 0 | N11: =(G11+I11)-H11 -> 60 | O11: =L11 -> 0 | P11: =N11*O11 -> 0
A12: 3 | B12: 2. Emistat (8mg) - 100 pcs | C12: Pcs | D12: Tablet (400 mg) | E12: New | F12: Medical | G12: 100 | H12: =_xlfn.XLOOKUP(B12,'[1]Stock July-26'!$D:$D,'[1]Stock July-26'!$Q:$Q,0,0) -> 0 | I12: =ROUND(J12/26*3,0) -> 0 | J12: =_xlfn.XLOOKUP(B12,'[1]Stock June-26 '!$D:$D,'[1]Stock June-26 '!$O:$O,0,0) -> 0 | K12: 0 | L12: 0 | M12: 0 | N12: =(G12+I12)-H12 -> 100 | O12: =L12 -> 0 | P12: =N12*O12 -> 0
A13: 1 | B13: 3. Napa Extra - 200 pcs | C13: Pcs | D13: Tablet (10 mg) | E13: New | F13: Medical | G13: 200 | H13: =_xlfn.XLOOKUP(B13,'[1]Stock July-26'!$D:$D,'[1]Stock July-26'!$Q:$Q,0,0) -> 0 | I13: =ROUND(J13/26*3,0) -> 0 | J13: =_xlfn.XLOOKUP(B13,'[1]Stock June-26 '!$D:$D,'[1]Stock June-26 '!$O:$O,0,0) -> 0 | K13: 0 | L13: 0 | M13: 0 | N13: =(G13+I13)-H13 -> 200 | O13: =L13 -> 0 | P13: =N13*O13 -> 0
A14: 2 | B14: 4. Napa (500mg) - 300 pcs | C14: Pcs | D14: Tablet (20 mg + 40 mg) | E14: New | F14: Medical | G14: 300 | H14: =_xlfn.XLOOKUP(B14,'[1]Stock July-26'!$D:$D,'[1]Stock July-26'!$Q:$Q,0,0) -> 0 | I14: =ROUND(J14/26*3,0) -> 0 | J14: =_xlfn.XLOOKUP(B14,'[1]Stock June-26 '!$D:$D,'[1]Stock June-26 '!$O:$O,0,0) -> 0 | K14: 0 | L14: 0 | M14: 0 | N14: =(G14+I14)-H14 -> 300 | O14: =L14 -> 0 | P14: =N14*O14 -> 0
A15: 3 | B15: 5. Entacyd Plus - 300 pcs | C15: Pcs | D15: Tablet (5 mg) | E15: New | F15: Medical | G15: 300 | H15: =_xlfn.XLOOKUP(B15,'[1]Stock July-26'!$D:$D,'[1]Stock July-26'!$Q:$Q,0,0) -> 0 | I15: =ROUND(J15/26*3,0) -> 0 | J15: =_xlfn.XLOOKUP(B15,'[1]Stock June-26 '!$D:$D,'[1]Stock June-26 '!$O:$O,0,0) -> 0 | K15: 0 | L15: 0 | M15: 0 | N15: =(G15+I15)-H15 -> 300 | O15: =L15 -> 0 | P15: =N15*O15 -> 0
A16: 1 | B16: 6. Myolax (50mg) - 50 pcs | C16: Pcs | D16: Tablet (8 mg) | E16: New | F16: Medical | G16: 50 | H16: =_xlfn.XLOOKUP(B16,'[1]Stock July-26'!$D:$D,'[1]Stock July-26'!$Q:$Q,0,0) -> 0 | I16: =ROUND(J16/26*3,0) -> 0 | J16: =_xlfn.XLOOKUP(B16,'[1]Stock June-26 '!$D:$D,'[1]Stock June-26 '!$O:$O,0,0) -> 0 | K16: 0 | L16: 0 | M16: 0 | N16: =(G16+I16)-H16 -> 50 | O16: =L16 -> 0 | P16: =N16*O16 -> 0
A17: 2 | B17: 7. Rolac (10mg) - 40 pcs | C17: Pcs | D17: Chewable Tablet | E17: New | F17: Medical | G17: 40 | H17: =_xlfn.XLOOKUP(B17,'[1]Stock July-26'!$D:$D,'[1]Stock July-26'!$Q:$Q,0,0) -> 0 | I17: =ROUND(J17/26*3,0) -> 0 | J17: =_xlfn.XLOOKUP(B17,'[1]Stock June-26 '!$D:$D,'[1]Stock June-26 '!$O:$O,0,0) -> 0 | K17: 0 | L17: 0 | M17: 0 | N17: =(G17+I17)-H17 -> 40 | O17: =L17 -> 0 | P17: =N17*O17 -> 0
A18: 3 | B18: 8. Algin (50mg) - 100 pcs | C18: Pcs | D18: Tablet (120 mg) | E18: New | F18: Medical | G18: 100 | H18: =_xlfn.XLOOKUP(B18,'[1]Stock July-26'!$D:$D,'[1]Stock July-26'!$Q:$Q,0,0) -> 0 | I18: =ROUND(J18/26*3,0) -> 0 | J18: =_xlfn.XLOOKUP(B18,'[1]Stock June-26 '!$D:$D,'[1]Stock June-26 '!$O:$O,0,0) -> 0 | K18: 0 | L18: 0 | M18: 0 | N18: =(G18+I18)-H18 -> 100 | O18: =L18 -> 0 | P18: =N18*O18 -> 0
A19: 1 | B19: 9. Flexi (100mg) - 100 pcs | C19: Pcs | D19: Tablet (100 mg) | E19: New | F19: Medical | G19: 100 | H19: =_xlfn.XLOOKUP(B19,'[1]Stock July-26'!$D:$D,'[1]Stock July-26'!$Q:$Q,0,0) -> 0 | I19: =ROUND(J19/26*3,0) -> 0 | J19: =_xlfn.XLOOKUP(B19,'[1]Stock June-26 '!$D:$D,'[1]Stock June-26 '!$O:$O,0,0) -> 0 | K19: 0 | L19: 0 | M19: 0 | N19: =(G19+I19)-H19 -> 100 | O19: =L19 -> 0 | P19: =N19*O19 -> 0
A20: 2 | B20: 10. Zimax (500mg) - 100 pcs | C20: Pcs | D20: Tablet (2 mg) | E20: New | F20: Medical | G20: 100 | H20: =_xlfn.XLOOKUP(B20,'[1]Stock July-26'!$D:$D,'[1]Stock July-26'!$Q:$Q,0,0) -> 0 | I20: =ROUND(J20/26*3,0) -> 0 | J20: =_xlfn.XLOOKUP(B20,'[1]Stock June-26 '!$D:$D,'[1]Stock June-26 '!$O:$O,0,0) -> 0 | K20: 0 | L20: 0 | M20: 0 | N20: =(G20+I20)-H20 -> 100 | O20: =L20 -> 0 | P20: =N20*O20 -> 0
A21: 3 | B21: 11. Etorix (120mg) - 100 pcs | C21: Pcs | D21: Tablet (20 mg) | E21: New | F21: Medical | G21: 100 | H21: =_xlfn.XLOOKUP(B21,'[1]Stock July-26'!$D:$D,'[1]Stock July-26'!$Q:$Q,0,0) -> 0 | I21: =ROUND(J21/26*3,0) -> 0 | J21: =_xlfn.XLOOKUP(B21,'[1]Stock June-26 '!$D:$D,'[1]Stock June-26 '!$O:$O,0,0) -> 0 | K21: 0 | L21: 0 | M21: 0 | N21: =(G21+I21)-H21 -> 100 | O21: =L21 -> 0 | P21: =N21*O21 -> 0
A22: 1 | B22: 12. ORS Saline - 8 box / 200 pcs | C22: Pcs | D22: Tablet (50 mg) | E22: New | F22: Medical | G22: 200 | H22: =_xlfn.XLOOKUP(B22,'[1]Stock July-26'!$D:$D,'[1]Stock July-26'!$Q:$Q,0,0) -> 0 | I22: =ROUND(J22/26*3,0) -> 0 | J22: =_xlfn.XLOOKUP(B22,'[1]Stock June-26 '!$D:$D,'[1]Stock June-26 '!$O:$O,0,0) -> 0 | K22: 0 | L22: 0 | M22: 0 | N22: =(G22+I22)-H22 -> 200 | O22: =L22 -> 0 | P22: =N22*O22 -> 0
... A27: 3 | B27: 17. Cotton (25g/packet) - 200 pcs | C27: Pcs | D27: Cream Tube | E27: New | F27: Medical | G27: 200 | H27: =_xlfn.XLOOKUP(B27,'[1]Stock July-26'!$D:$D,'[1]Stock July-26'!$Q:$Q,0,0) -> 0 | I27: =ROUND(J27/26*3,0) -> 0 | J27: =_xlfn.XLOOKUP(B27,'[1]Stock June-26 '!$D:$D,'[1]Stock June-26 '!$O:$O,0,0) -> 0 | K27: 0 | L27: 0 | M27: 0 | N27: =(G27+I27)-H27 -> 200 | O27: =L27 -> 0 | P27: =N27*O27 -> 0
A28: Total- | P28: =SUM(P11:P27) -> 0
B35: Prepared by | G35: Store | O35: Checked by | T35: Approved by

Sheet Needle
A1: Humana Apparels Pvt Ltd.
A2: Purchase Requisition
A3: Requisition No | E3: =ALL!E3 -> HAPL/Dept./ALL/2026/August/01 | N3: Store Personnel
A4: Requisition Date | E4: =ALL!E4 -> 46235 | N4: Md. Ebrahim
A5: Name of Unit | E5: =ALL!E5 -> Humana Apparels Pvt. Ltd. | N5: Sr. Executive
A6: Section | E6: =ALL!E6 -> ALL | N6: Store & Warehouse
A7: Name of User | E7: =ALL!E7 -> ALL | N7: 01839-004906
A8: Contact No. / Email | E8: =ALL!E8 -> amirul@humanaapparels.com | N8: ebrahim@humanaapparels.com
A9: SL | B9: Name of Item's | C9: Uom | D9: Specification / Brand & Model | E9: Type (Replace/ New) | F9: User Dept./ Section | G9: Stock Details | K9: Last Purchase Details | N9: To Be Procured | Q9: Store Acknowledgement on GRN | S9: Accounts Acknowledgment on Pmt | U9: Remarks
G10: Qty Requested | H10: Stock in Hand | I10: Saftey Stock | J10: Consumption (Last Month) | K10: Qty | L10: Approx Rate | M10: Date | N10: Qty | O10: Rate Appx. | P10: Amount | Q10: Pending Qty | R10: Signature | S10: Pending Qty | T10: Signature
A11: 1 | B11: P/M Needle DBX1-R-09 | C11: Pkt | E11: - | F11: Maintenance | G11: 220 | H11: 70 | I11: 20 | J11: 180 | K11: 150 | L11: 84 | M11: 46191 | N11: 170 | O11: 84 | P11: 14280
A12: 2 | B12: T/N Needle DPX5-R-11 | C12: Pkt | E12: - | F12: Maintenance | G12: 60 | H12: 13 | I12: 3 | J12: 23 | K12: 20 | L12: 84 | M12: 46191 | N12: 50 | O12: 84 | P12: 4200
A13: Total- | P13: =SUM(P11:P12) -> 18480
B21: Prepared by | G21: Store | O21: Checked by | T21: Approved by

Sheet Spare Parts
A1: Humana Apparels Pvt Ltd.
A2: Purchase Requisition
A3: Requisition No | E3: =ALL!E3 -> HAPL/Dept./ALL/2026/August/01 | N3: Store Personnel
A4: Requisition Date | E4: =ALL!E4 -> 46235 | N4: Md. Ebrahim
A5: Name of Unit | E5: =ALL!E5 -> Humana Apparels Pvt. Ltd. | N5: Sr. Executive
A6: Section | E6: =ALL!E6 -> ALL | N6: Store & Warehouse
A7: Name of User | E7: =ALL!E7 -> ALL | N7: 01839-004906
A8: Contact No. / Email | E8: =ALL!E8 -> amirul@humanaapparels.com | N8: ebrahim@humanaapparels.com
A9: SL | B9: Name of Item's | C9: Uom | D9: Specification / Brand & Model | E9: Type (Replace/ New) | F9: User Dept./ Section | G9: Stock Details | K9: Last Purchase Details | N9: To Be Procured | Q9: Store Acknowledgement on GRN | S9: Accounts Acknowledgment on Pmt | U9: Remarks
G10: Qty Requested | H10: Stock in Hand | I10: Saftey Stock | J10: Consumption (Last Month) | K10: Qty | L10: Approx Rate | M10: Date | N10: Qty | O10: Rate Appx. | P10: Amount | Q10: Pending Qty | R10: Signature | S10: Pending Qty | T10: Signature
A11: 1 | B11: Scissors QX-10" | C11: Pcs | E11: - | F11: Production | G11: 12 | H11: 7 | I11: 1 | J11: 10 | K11: 6 | L11: 368 | M11: 46222 | N11: 5 | O11: 368 | P11: 1840
A12: 2 | B12: Thread Cutter | C12: Pcs | E12: - | F12: All | G12: 450 | H12: 50 | I12: 59 | J12: 509 | K12: 540 | L12: 14.5 | M12: 46222 | N12: 400 | O12: 14.5 | P12: 5800
A13: 3 | B13: P/M Plastic Plain Feet | C13: Pcs | E13: - | F13: Production | G13: 300 | H13: 110 | I13: 24 | J13: 206 | K13: 186 | L13: 16 | M13: 46203 | N13: 190 | O13: 16 | P13: 3040
A14: 4 | B14: P/M Plastic Zipper Guide-Both | C14: Pcs | E14: - | F14: Production | G14: 100 | H14: 59 | I14: 7 | J14: 60 | K14: 350 | L14: 18 | M14: 46079 | N14: 41 | O14: 18 | P14: 738
A15: 5 | B15: Anty Cutter-18mm | C15: Pcs | E15: - | F15: Production | G15: 5 | H15: 3 | I15: 1 | J15: 5 | K15: 4 | L15: 75 | M15: 46221 | N15: 2 | O15: 75 | P15: 150
A16: 6 | B16: Rubban Tin | C16: Pcs | E16: - | F16: Production | G16: 48 | H16: 28 | I16: 4 | J16: 38 | K16: 22 | L16: 70 | M16: 46222 | N16: 20 | O16: 70 | P16: 1400
A17: 7 | B17: Drill machine battery | C17: Pcs | E17: - | F17: Production | G17: 2 | H17: 0 | I17: 0 | J17: 0 | K17: 0 | L17: 0 | M17: 0 | N17: 2 | O17: 0 | P17: 0
A18: 8 | B18: Machine Oil-32 Grade | C18: Ltr | E18: - | F18: Maintenance | G18: 20 | H18: 0 | I18: 2 | J18: 20 | K18: 20 | L18: 340 | M18: 46211 | N18: 20 | O18: 340 | P18: 6800
A19: 9 | B19: B/T Eye Glass | C19: Pcs | D19: Juki LK-1900SSS000-A | E19: - | F19: Maintenance | G19: 15 | H19: 0 | I19: 2 | J19: 19 | K19: 37 | L19: 20 | M19: 46167 | N19: 15 | O19: 20 | P19: 300
A20: 10 | B20: B/T Eye Glass-Juki | C20: Pcs | D20: Barther KE-430DP-03 | E20: New | F20: Maintenance | G20: 15 | H20: 0 | I20: 0 | J20: 0 | K20: 0 | L20: 0 | M20: 0 | N20: 15 | O20: 0 | P20: 0
A21: 11 | B21: Cutting Machine Knife Screw | C21: Pcs | E21: - | F21: Maintenance | G21: 10 | H21: 0 | I21: 1 | J21: 10 | K21: 10 | L21: 25 | M21: 46210 | N21: 10 | O21: 25 | P21: 250
A22: 12 | B22: Combination Spanner-07mm | C22: Pcs | D22: 7.8.9.10.11.12 | E22: - | F22: Maintenance | G22: 5 | H22: 0 | I22: 0 | J22: 0 | K22: 6 | L22: 140 | M22: 45635 | N22: 5 | O22: 140 | P22: 700
A23: 13 | B23: Combination Spanner-08mm | C23: Pcs | E23: - | F23: Maintenance | G23: 5 | H23: 0 | I23: 0 | J23: 0 | K23: 6 | L23: 150 | M23: 45635 | N23: 5 | O23: 150 | P23: 750
A24: 14 | B24: Combination Spanner-12mm | C24: Pcs | E24: - | F24: Maintenance | G24: 5 | H24: 0 | I24: 0 | J24: 0 | K24: 0 | L24: 0 | M24: 0 | N24: 5 | O24: 0 | P24: 0
A25: 15 | B25: Combination Spanner-10mm | C25: Pcs | E25: - | F25: Maintenance | G25: 5 | H25: 0 | I25: 0 | J25: 0 | K25: 1 | L25: 170 | M25: 45635 | N25: 5 | O25: 170 | P25: 850
A26: 16 | B26: Combination Spanner-11mm | C26: Pcs | E26: - | F26: Maintenance | G26: 5 | H26: 0 | I26: 0 | J26: 0 | K26: 1 | L26: 170 | M26: 45635 | N26: 5 | O26: 170 | P26: 850
A27: 17 | B27: P/M Auto Bobbin Winder Rubber | C27: Pcs | D27: Balck | E27: - | F27: Maintenance | G27: 30 | H27: 0 | I27: 2 | J27: 15 | K27: 15 | L27: 10 | M27: 46203 | N27: 30 | O27: 10 | P27: 300
A28: 18 | B28: F/L Loop Folder-24mm-12mm | C28: Pcs | D28: Inpout-24mm Outpout-12mm | E28: New | F28: Maintenance | G28: 2 | H28: 0 | I28: 0 | J28: 1 | K28: 1 | L28: 600 | M28: 46219 | N28: 2 | O28: 600 | P28: 1200
A29: 19 | B29: B/T Machine Sattel-Juki | C29: Pcs | D29: Juki LK-1900SSS000-A | E29: - | F29: Maintenance | G29: 5 | H29: 0 | I29: 0 | J29: 0 | K29: 5 | L29: 650 | M29: 46119 | N29: 5 | O29: 650 | P29: 3250
A30: 20 | B30: B/T Machine Sattel-Brother | C30: Pcs | D30: Brother KE-430DP-03 | E30: - | F30: Maintenance | G30: 5 | H30: 0 | I30: 0 | J30: 0 | K30: 5 | L30: 650 | M30: 46119 | N30: 5 | O30: 650 | P30: 3250
A31: 21 | B31: B/T Machine Ring-Juki | C31: Pcs | D31: Juki LK-1900SSS000-A | E31: - | F31: Maintenance | G31: 5 | H31: 0 | I31: 0 | J31: 0 | K31: 5 | L31: 850 | M31: 46119 | N31: 5 | O31: 850 | P31: 4250
A32: 22 | B32: P/M Plastic Guide 1/16 CR | C32: Pcs | E32: - | F32: Maintenance | G32: 150 | H32: 0 | I32: 5 | J32: 40 | K32: 100 | L32: 19 | M32: 46203 | N32: 150 | O32: 19 | P32: 2850
A33: 23 | B33: B/T Machine Ring-Brother | C33: Pcs | D33: Brother KE-430DP-03 | E33: - | F33: Maintenance | G33: 5 | H33: 0 | I33: 0 | J33: 0 | K33: 5 | L33: 450 | M33: 46119 | N33: 5 | O33: 450 | P33: 2250
A34: 24 | B34: 500ml Siliconi Silicone | C34: Pcs | E34: New | F34: Maintenance | G34: 2 | H34: 0 | I34: 0 | J34: 0 | K34: 0 | L34: 0 | M34: 0 | N34: 2 | O34: 0 | P34: 0
A35: 25 | B35: P/M Tension Pust Spring | C35: Pcs | D35: Juki-DDL-900C 40263455 | E35: - | F35: Maintenance | G35: 2 | H35: 0 | I35: 0 | J35: 0 | K35: 5 | L35: 5 | M35: 46167 | N35: 2 | O35: 5 | P35: 10
A36: 26 | B36: Pvc Pipe-3/4'' | C36: Pcs | D36: White | E36: - | F36: Maintenance | G36: 30 | H36: 0 | I36: 4 | J36: 36 | K36: 7 | L36: 118 | M36: 46215 | N36: 30 | O36: 118 | P36: 3540
A37: 27 | B37: Metal Flexible Pipe 1/2" | C37: Coil | E37: - | F37: Maintenance | G37: 3 | H37: 0 | I37: 0 | J37: 1 | K37: 1 | L37: 2400 | M37: 46202 | N37: 3 | O37: 2400 | P37: 7200
A38: 28 | B38: Pvc Elbow-3/4" | C38: Pcs | D38: White | E38: - | F38: Maintenance | G38: 50 | H38: 40 | I38: 2 | J38: 20 | K38: 30 | L38: 16 | M38: 46215 | N38: 10 | O38: 16 | P38: 160
A39: 29 | B39: Ceiling Fan Capacitor 2.5MF | C39: Pcs | D39: 2.5MF | E39: - | F39: Maintenance | G39: 10 | H39: 1 | I39: 0 | J39: 0 | K39: 1 | L39: 100 | M39: 46163 | N39: 9 | O39: 100 | P39: 900
A40: 30 | B40: Quilting M/C DC LED light | C40: Pcs | D40: 24V | E40: New | F40: Maintenance | G40: 10 | H40: 0 | I40: 0 | J40: 0 | K40: 0 | L40: 0 | M40: 0 | N40: 10 | O40: 0 | P40: 0
A41: 31 | B41: Steam Iron Shoe-BS6PC | C41: Pcs | D41: BS-6PC | E41: - | F41: Maintenance | G41: 40 | H41: 0 | I41: 3 | J41: 25 | K41: 7 | L41: 150 | M41: 46201 | N41: 40 | O41: 150 | P41: 6000
A42: 32 | B42: Narrow Steam Iron Shoe(Bsp 200 Blue) | C42: Pcs | D42: BSP-200 Blue | E42: - | F42: Maintenance | G42: 20 | H42: 13 | I42: 0 | J42: 4 | K42: 6 | L42: 280 | M42: 46201 | N42: 7 | O42: 280 | P42: 1960
A43: 33 | B43: Fuse-10 Amp | C43: Pcs | D43: 2cm | E43: - | F43: Maintenance | G43: 300 | H43: 140 | I43: 35 | J43: 300 | K43: 483 | L43: 3 | M43: 46202 | N43: 160 | O43: 3 | P43: 480
A44: 34 | B44: Iron Table Foam-60"/32" | C44: Pcs | D44: 60"/32" | E44: New | F44: Maintenance | G44: 20 | H44: 0 | I44: 0 | J44: 0 | K44: 0 | L44: 0 | M44: 0 | N44: 20 | O44: 0 | P44: 0
A45: 35 | B45: Iron Table Foam-56"/32" | C45: Pcs | D45: 56"/32 | E45: New | F45: Maintenance | G45: 20 | H45: 0 | I45: 0 | J45: 0 | K45: 0 | L45: 0 | M45: 0 | N45: 20 | O45: 0 | P45: 0
A46: 36 | B46: Vaccum Iron Table Motor Fan | C46: Pcs | E46: New | F46: Maintenance | G46: 1 | H46: 0 | I46: 0 | J46: 0 | K46: 0 | L46: 0 | M46: 0 | N46: 1 | O46: 0 | P46: 0
A47: 37 | B47: Circuit Breaker 4A SP | C47: Pcs | D47: Semans | E47: - | F47: Maintenance | G47: 4 | H47: 0 | I47: 0 | J47: 0 | K47: 0 | L47: 0 | M47: 0 | N47: 4 | O47: 0 | P47: 0
A48: 38 | B48: Circuit Breaker SP-04A(ABB) | C48: Pcs | D48: ABB | E48: - | F48: Maintenance | G48: 4 | H48: 0 | I48: 0 | J48: 0 | K48: 12 | L48: 500 | M48: 46080 | N48: 4 | O48: 500 | P48: 2000
A49: 39 | B49: Cable Clip-8mm | C49: Box | E49: - | F49: Maintenance | G49: 2 | H49: 0 | I49: 0 | J49: 0 | K49: 10 | L49: 65 | M49: 46014 | N49: 2 | O49: 65 | P49: 130
A50: 40 | B50: Royal Bolt SS-12mm | C50: Pcs | E50: - | F50: Maintenance | G50: 50 | H50: 0 | I50: 3 | J50: 30 | K50: 100 | L50: 46 | M50: 46137 | N50: 50 | O50: 46 | P50: 2300
A51: 41 | B51: Air Pipe-08mm | C51: Mtr | D51: 8mm | E51: - | F51: Maintenance | G51: 100 | H51: 0 | I51: 0 | J51: 0 | K51: 100 | L51: 28 | M51: 46137 | N51: 100 | O51: 28 | P51: 2800
A52: 42 | B52: Air Solenoid Valve- Sy5120-SG-01 | C52: Pcs | D52: SY5120-5G-01 | E52: - | F52: Maintenance | G52: 2 | H52: 0 | I52: 0 | J52: 4 | K52: 5 | L52: 1600 | M52: 46202 | N52: 2 | O52: 1600 | P52: 3200
A53: 43 | B53: Micro/ Limit Switch-C-25 | C53: Pcs | E53: - | F53: Maintenance | G53: 10 | H53: 3 | I53: 0 | J53: 4 | K53: 10 | L53: 100 | M53: 46014 | N53: 7 | O53: 100 | P53: 700
A54: 44 | B54: Thread Tape | C54: Pcs | E54: - | F54: Maintenance | G54: 10 | H54: 4 | I54: 0 | J54: 2 | K54: 6 | L54: 13 | M54: 46202 | N54: 6 | O54: 13 | P54: 78
A55: 45 | B55: AC Round Type Power 3Pin Socket | C55: Pcs | E55: - | F55: Maintenance | G55: 5 | H55: 3 | I55: 0 | J55: 0 | K55: 5 | L55: 330 | M55: 45973 | N55: 2 | O55: 330 | P55: 660
A56: 46 | B56: Battery drill Machine Charger | C56: Pcs | E56: New | F56: Maintenance | G56: 1 | H56: 0 | I56: 0 | J56: 0 | K56: 0 | L56: 0 | M56: 0 | N56: 1 | O56: 0 | P56: 0
A57: 47 | B57: Exhust Fan Belt B-85 | C57: Pcs | E57: - | F57: Maintenance | G57: 10 | H57: 3 | I57: 0 | J57: 0 | K57: 10 | L57: 430 | M57: 45887 | N57: 7 | O57: 430 | P57: 3010
A58: 48 | B58: Exhust Fan Belt B-86 | C58: Pcs | E58: - | F58: Maintenance | G58: 10 | H58: 0 | I58: 0 | J58: 3 | K58: 2 | L58: 1035 | M58: 45792 | N58: 10 | O58: 1035 | P58: 10350
A59: 49 | B59: Silicon For MDB Board | C59: Pcs | E59: - | F59: Maintenance | G59: 10 | H59: 0 | I59: 1 | J59: 8 | K59: 6 | L59: 260 | M59: 46080 | N59: 10 | O59: 260 | P59: 2600
A60: 50 | B60: Heat machine Foam-13"/25" | C60: Pcs | D60: 13"/25" | E60: New | F60: Maintenance | G60: 1 | H60: 0 | I60: 0 | J60: 0 | K60: 0 | L60: 0 | M60: 0 | N60: 1 | O60: 0 | P60: 0
A61: 51 | B61: Heat machine Foam- 40"/4" | C61: Pcs | D61: 40"/4" | E61: New | F61: Maintenance | G61: 1 | H61: 0 | I61: 0 | J61: 0 | K61: 0 | L61: 0 | M61: 0 | N61: 1 | O61: 0 | P61: 0
A62: 52 | B62: Plotter Machine Head Moving Wheel | C62: Pcs | E62: - | F62: Maintenance | G62: 2 | H62: 0 | I62: 0 | J62: 0 | K62: 0 | L62: 0 | M62: 0 | N62: 2 | O62: 0 | P62: 0
A63: 53 | B63: Cutting Disk-04" | C63: Pcs | E63: - | F63: Maintenance | G63: 2 | H63: 0 | I63: 3 | J63: 24 | K63: 5 | L63: 55 | M63: 46014 | N63: 2 | O63: 55 | P63: 110
A64: 54 | B64: MS Elbow-1.5" | C64: Pcs | D64: 40Sch | E64: - | F64: Maintenance | G64: 4 | H64: 0 | I64: 0 | J64: 0 | K64: 14 | L64: 126 | M64: 46079 | N64: 4 | O64: 126 | P64: 504
A65: 55 | B65: Electric Tester | C65: Pcs | D65: Super Star | E65: - | F65: Maintenance | G65: 5 | H65: 0 | I65: 0 | J65: 0 | K65: 5 | L65: 90 | M65: 46013 | N65: 5 | O65: 90 | P65: 450
A66: 56 | B66: C/M Metal Hand Gloves | C66: Pcs | D66: Size: Medium & Large (Left Handed) | E66: - | F66: Cutting | G66: 4 | H66: 0 | I66: 0 | J66: 0 | K66: 2 | L66: 3500 | M66: 46092 | N66: 4 | O66: 3500 | P66: 14000
A67: 57 | B67: C/M Numbering Sticker-PPH | C67: Pcs | D67: Prokash (HRD Gum) | E67: - | F67: Cutting | G67: 200 | H67: 0 | I67: 12 | J67: 100 | K67: 40 | L67: 17 | M67: 46222 | N67: 200 | O67: 17 | P67: 3400
A68: Total- | P68: =SUM(P11:P67) -> 107360
B75: Prepared by | G75: Store | O75: Checked by | T75: Approved by

Sheet Chemical
A1: Humana Apparels Pvt Ltd.
A2: Purchase Requisition
A3: Requisition No | E3: =ALL!E3 -> HAPL/Dept./ALL/2026/August/01 | N3: Store Personnel
A4: Requisition Date | E4: =ALL!E4 -> 46235 | N4: Md. Ebrahim
A5: Name of Unit | E5: =ALL!E5 -> Humana Apparels Pvt. Ltd. | N5: Sr. Executive
A6: Section | E6: =ALL!E6 -> ALL | N6: Store & Warehouse
A7: Name of User | E7: =ALL!E7 -> ALL | N7: 01839-004906
A8: Contact No. / Email | E8: =ALL!E8 -> amirul@humanaapparels.com | N8: ebrahim@humanaapparels.com
A9: SL | B9: Name of Item's | C9: Uom | D9: Specification / Brand & Model | E9: Type (Replace/ New) | F9: User Dept./ Section | G9: Stock Details | K9: Last Purchase Details | N9: To Be Procured | Q9: Store Acknowledgement on GRN | S9: Accounts Acknowledgment on Pmt | U9: Remarks
G10: Qty Requested | H10: Stock in Hand | I10: Saftey Stock | J10: Consumption (Last Month) | K10: Qty | L10: Approx Rate | M10: Date | N10: Qty | O10: Rate Appx. | P10: Amount | Q10: Pending Qty | R10: Signature | S10: Pending Qty | T10: Signature
A11: 1 | B11: NC Thinner | C11: Ltr | E11: - | F11: HR | G11: 8 | H11: 0 | I11: 1 | J11: 8 | K11: 5 | L11: 250 | M11: 46221 | N11: 8 | O11: 250 | P11: 2000
A12: 2 | B12: Chemical-ISV 250ml | C12: Pcs | E12: - | F12: Finishing | G12: 70 | H12: 0 | I12: 4 | J12: 33 | K12: 63 | L12: 238 | M12: 46198 | N12: 70 | O12: 238 | P12: 16660
A13: 3 | B13: Chemical- Panil 250ml | C13: Pcs | E13: - | F13: Finishing | G13: 50 | H13: 0 | I13: 1 | J13: 5 | K13: 50 | L13: 487 | M13: 46148 | N13: 50 | O13: 487 | P13: 24350
A14: 4 | B14: Chemical-PSV Plus 250ml | C14: Pcs | E14: - | F14: Finishing | G14: 40 | H14: 0 | I14: 0 | J14: 0 | K14: 14 | L14: 440 | M14: 46198 | N14: 40 | O14: 440 | P14: 17600
A15: 5 | B15: Chemical-B.P.S | C15: Pcs | E15: - | F15: Finishing | G15: 60 | H15: 0 | I15: 5 | J15: 41 | K15: 2 | L15: 315 | M15: 45966 | N15: 60 | O15: 315 | P15: 18900
A16: 6 | B16: Chemical-Print Clean | C16: Pcs | E16: - | F16: Finishing | G16: 40 | H16: 0 | I16: 0 | J16: 0 | K16: 5 | L16: 360 | M16: 45847 | N16: 40 | O16: 360 | P16: 14400
A17: 7 | B17: CNR | C17: pcs | E17: New | F17: Finishing | G17: 30 | H17: 0 | I17: 0 | J17: 0 | K17: 0 | L17: 0 | M17: 0 | N17: 30 | O17: 0 | P17: 0
A18: 8 | B18: Chemical HP-10 | C18: Pcs | E18: - | F18: Finishing | G18: 20 | H18: 0 | I18: 0 | J18: 0 | K18: 4 | L18: 405 | M18: 45839 | N18: 20 | O18: 405 | P18: 8100
A19: 9 | B19: Chemical-Oil Remover 01 Ltr | C19: Pcs | E19: - | F19: Finishing | G19: 30 | H19: 0 | I19: 0 | J19: 0 | K19: 10 | L19: 422.5 | M19: 45865 | N19: 30 | O19: 422.5 | P19: 12675
A20: 10 | B20: Spot Lifter 833-400ml | C20: Pcs | E20: - | F20: Finishing | G20: 150 | H20: 132 | I20: 10 | J20: 87 | K20: 171 | L20: 384 | M20: 46221 | N20: 18 | O20: 384 | P20: 6912
A21: Total- | P21: =SUM(P11:P20) -> 121597
B30: Prepared by | G30: Store | O30: Checked by | T30: Approved by
